Workbook

Sheet KEY
A1: Category | B1: Common Name | C1: Scientific Name | D1: Native/Nonnative | E1: Federal Listing Status | F1: State Listing Status | G1: Notes
A2: INVERTEBRATES
A3: Spiders | B3: Sheet weaver spider | C3: "Agyneta" #1 | D3: native
A4: Spiders | B4: Sheet weaver spider | C4: "Agyneta" #2 | D4: native
A5: Spiders | B5: Sheet weaver spider | C5: "Disembolus" #1 | D5: native
A6: Spiders | B6: Sheet weaver spider | C6: "Disembolus" #2 | D6: native
A7: Spiders | B7: Sheet weaver spider | C7: "Disembolus" #3 | D7: native
A8: Spiders | B8: Sac spider | C8: Agroeca trivittata | D8: native
A9: Spiders | B9: Wolf spider | C9: Allocosa subparva | D9: native
A10: Spiders | B10: Wolf spider | C10: Alopecosa kochii | D10: native
A11: Spiders | B11: Ghost spider | C11: Anyphaena pacifica | D11: native
A12: Spiders | B12: San Bernadino hills trapdoor spider | C12: Aptostichus atomarius | D12: native
A13: Spiders | B13: Jumping spider | C13: Attinella dorsata | D13: native
A14: Spiders | B14: California Trapdoor spider | C14: Bothriocyrtum californicum | D14: native
... A75: Beetles | B75: Little Bear | C75: Paracotalpa ursina | D75: unsure
A76: Beetles | B76: Minute Brown Scavenger Beetle | C76: Revelieria california | D76: unsure | E76: edar
A77: Beetles | B77: Pea and Bean Weevil | C77: Stator limbatus | D77: unsure
A78: Beetles | B78: Tule Beetle | C78: Tanystoma maculicolle | D78: unsure
A79: Beetles | B79: Bark and Ambrosia Beetle | C79: Xyleborinus sp. | D79: unsure
A80: Flies | B80: Small Fruit Fly | C80: Drosophila repleta | D80: unsure
A81: Ants, Bees, Wasps | B81: Fine Striped Sweat Bee | C81: Agapostemon subtilior | D81: native
A82: Ants, Bees, Wasps | B82: European honey bee | C82: Apis mellifera | D82: non-native
A83: Ants, Bees, Wasps | B83: Yellow-faced Bumble Bee | C83: Bombus vosnesenskii | D83: native
A84: Ants, Bees, Wasps | B84: Arizona Small Carpenter | C84: Ceratina arizonensis | D84: unsure
A85: Ants, Bees, Wasps | B85: Cactus Chimney Bee | C85: Diadasia australis | D85: native
A86: Ants, Bees, Wasps | B86: Bindweed Turret Bee | C86: Diadasia bituberculata | D86: native
A87: Ants, Bees, Wasps | B87: White-haired Monk Longhorn | C87: Eucera frater albopilosa | D87: unsure
A88: Ants, Bees, Wasps | B88: Digger Bee | C88: Habropoda tristissima | D88: unsure
... A100: Arachnid | B100: Short-tailed whip scorpion | C100: Hubbardia pentapeltis | D100: native
A101: REPTILES & AMPHIBIANS
A102: Lizards | B102: Southern California Legless Lizard | C102: Anniella stebbinsi | D102: native | F102: CDFW: Species of Special Concern
A103: Salamanders | B103: Arboreal Salamander | C103: Aneides lugubris | D103: native
A104: Frogs | B104: Western Toad | C104: Anaxyrus boreas | D104: native
A105: Lizards | B105: Orange-throated Whiptail | C105: Aspidoscelis hyperythrus | D105: native | F105: CDFW: Species of Special Concern (Watch List)
A106: Lizards | B106: Tiger Whiptail | C106: Aspidoscelis tigris | D106: native | F106: CDFW: Species of Special Concern
A107: Salamanders | B107: Garden Slender Salamander | C107: Batrachoseps major | D107: native
A108: Snakes | B108: North American Racer | C108: Coluber constrictor | D108: native
A109: Snakes | B109: Western Rattlesnake | C109: Crotalus oreganus | D109: native
A110: Snakes | B110: Red Diamond Rattlesnake | C110: Crotalus ruber | D110: native | F110: CDFW: Species of Special Concern
A111: Snakes | B111: Rattlesnake | C111: Crotalus sp. | D111: native
A112: Snakes | B112: Ring-necked Snake | C112: Diadophis punctatus | D112: native
A113: Lizards | B113: Southern Alligator Lizard | C113: Elgaria multicarinata | D113: native
A114: Snakes | B114: Coast Night Snake | C114: Hypsiglena ochrorhyncha | D114: native
A115: Snakes | B115: Brahminy Blind Snake | C115: Indotyphlops braminus | D115: non-native
A116: Snakes | B116: California Kingsnake | C116: Lampropeltis californiae | D116: native
A117: Snakes | B117: Rosy Boa | C117: Lichanura orcutti | D117: native
A118: Frogs | B118: American Bullfrog | C118: Lithobates catesbeianus | D118: non-native
A119: Snakes | B119: Striped Racer | C119: Masticophis lateralis | D119: native
A120: Lizards | B120: Blainville's Horned Lizard | C120: Phrynosoma blainvillii | D120: native | F120: CDFW: Species of Special Concern
A121: Snakes | B121: Gophersnake | C121: Pituophis catenifer | D121: native
A122: Lizards | B122: Western Skink | C122: Plestiodon skiltonianus | D122: native | F122: CDFW: Species of Special Concern (Watch List)
A123: Frogs | B123: California Tree Frog | C123: Pseudacris cadaverina | D123: native
A124: Frogs | B124: Pacific Treefrog | C124: Pseudacris regilla | D124: native
A125: Frogs | B125: Chorus Frog | C125: Pseudacris sp. | D125: native
A126: Snakes | B126: Long-nosed Snake | C126: Rhinocheilus lecontei | D126: native
A127: Snakes | B127: Western Patch-nosed Snake | C127: Salvadora hexalepis | D127: native | F127: CDFW: Species of Special Concern
A128: Lizards | B128: Western Fence Lizard | C128: Sceloporus occidentalis | D128: native
A129: Frogs | B129: Western Spadefoot | C129: Spea hammondii | D129: native | F129: CDFW: Species of Special Concern
A130: Snakes | B130: Two-striped Gartersnake | C130: Thamnophis hammondii | D130: native | F130: CDFW: Species of Special Concern
A131: Turtles | B131: Turtle | C131: Testudines | D131: non-native
A132: Lizards | B132: Common Side-blotched Lizard | C132: Uta stansburiana | D132: native
A133: Frogs | B133: African Clawed Frog | C133: Xenopus laevis | D133: non-native
A134: BIRDS
A135: Herons & Bitterns | B135: Great Blue Heron | C135: Ardea herodias | D135: native | F135: CDF: S
A136: Vultures | B136: Turkey Vulture | C136: Cathartes aura | D136: native
A137: Waterfowl | B137: Mallard | C137: Anas platyrhynchos | D137: native
A138: Hawks & Eagles | B138: Northern Harrier | C138: Circus cyaneus | D138: native | F138: CDFW:SSC, USFWS:BCC
A139: Hawks & Eagles | B139: Sharp-shinned Hawk | C139: Accipiter striatus | D139: native | F139: CDFW: Watch List
A140: Hawks & Eagles | B140: Cooper's Hawk | C140: Accipiter cooperii | D140: native | F140: CDFW: Watch List
A141: Hawks & Eagles | B141: Red-shouldered Hawk | C141: Buteo lineatus | D141: native
A142: Hawks & Eagles | B142: Red-tailed Hawk | C142: Buteo jamaicensis | D142: native
A143: Falcons | B143: American Kestrel | C143: Falco sparverius | D143: native
A144: Falcons | B144: Peregrine Falcon | C144: Falco peregrinus | D144: native
A145: Quails | B145: California Quail | C145: Callipepla californica | D145: native
A146: Plovers | B146: Killdeer | C146: Charadrius vociferus | D146: native
A147: Gulls & Terns | B147: Western Gull | C147: Larus occidentalis | D147: native
A148: Pigeons & Doves | B148: Domestic Pigeon | C148: Columba livia | D148: non-native
A149: Pigeons & Doves | B149: Eurasian Collared Dove | C149: Streptopelia decaocto | D149: non-native
A150: Pigeons & Doves | B150: Mourning Dove | C150: Zenaida macroura | D150: native
A151: Parrots | B151: Red-crowned Parrot | C151: Amazona viridigenalis | D151: non-native
A152: Cuckoos | B152: Greater Roadrunner | C152: Geococcyx californianus | D152: native
... A156: Nightjars | B156: Common Poorwill | C156: Phalaenoptilus nuttallii | D156: native
A157: Swifts | B157: Vaux's Swift | C157: Chaetura vauxi | D157: native | F157: CDFW: Species of Special Concern
A158: Swifts | B158: White-throated Swift | C158: Aeronautes saxatalis | D158: native
A159: Hummingbirds | B159: Black-chinned Hummingbird | C159: Archilochus alexandri | D159: native
A160: Hummingbirds | B160: Anna's Hummingbird | C160: Calypte anna | D160: native
A161: Hummingbirds | B161: Costa's Hummingbird | C161: Calypte costae | D161: native | F161: USFWS:BCC
A162: Hummingbirds | B162: Allen's Hummingbird | C162: Selasphorus sasin | D162: native
A163: Kingfishers | B163: Belted Kingfisher | C163: Megaceryle alcyon | D163: native
A164: Woodpeckers | B164: Acorn Woodpecker | C164: Melanerpes formicivorus | D164: native
A165: Woodpeckers | B165: Red-naped Sapsucker | C165: Sphyrapicus nuchalis | D165: native
A166: Woodpeckers | B166: Red-breasted Sapsucker | C166: Sphyrapicus ruber | D166: native
A167: Woodpeckers | B167: Nuttall's Woodpecker | C167: Dryobates nuttallii | D167: native
A168: Woodpeckers | B168: Downy Woodpecker | C168: Picoides pubescens | D168: native
A169: Woodpeckers | B169: Northern Flicker | C169: Colaptes auratus | D169: native
A170: Tyrant Flycatchers | B170: Olive-sided Flycatcher | C170: Contopus cooperi | D170: native | F170: CDFW: Species of Special Concern
A171: Tyrant Flycatchers | B171: Western Wood Pewee | C171: Contopus sordidulus | D171: native
A172: Tyrant Flycatchers | B172: Willow Flycatcher | C172: Empidonax traillii | D172: native | E172: USFS: Sensitive
A173: Tyrant Flycatchers | B173: Hammond's Flycatcher | C173: Empidonax hammondii | D173: native
A174: Tyrant Flycatchers | B174: Gray Flycatcher | C174: Empidonax wrightii | D174: native
...

Sheet 32nd_GoldenHill
A1: Canyon | B1: Group | C1: Category | D1: Common Name | E1: Scientific Name | F1: Status | G1: Federal Listing Status | H1: State Listing Status | I1: iNat observation only
B2: INVERTEBRATES
A3: 32nd/Golden Hill | B3: INVERTEBRATES | C3: Ants, Bees, Wasps | D3: Argentine Ant | E3: Linepithema humile | F3: non-native | G3: 0 | H3: 0
A4: 32nd/Golden Hill | B4: INVERTEBRATES | C4: Spiders | D4: Ground spider | E4: Drassyllus insularis | F4: native | G4: 0 | H4: 0
A5: 32nd/Golden Hill | B5: INVERTEBRATES | C5: Arachnid | D5: Opiliones | E5: Protolophus singularis | F5: native | G5: 0 | H5: 0
A6: 32nd/Golden Hill | B6: INVERTEBRATES | C6: Spiders | D6: Jumping spider | E6: Attinella dorsata | F6: native | G6: 0 | H6: 0
A7: 32nd/Golden Hill | B7: INVERTEBRATES | C7: Spiders | D7: Wolf spider | E7: Alopecosa kochii | F7: native | G7: 0 | H7: 0
A8: 32nd/Golden Hill | B8: INVERTEBRATES | C8: Spiders | D8: Prowling spider | E8: Syspira tigrina | F8: native | G8: 0 | H8: 0
A9: 32nd/Golden Hill | B9: INVERTEBRATES | C9: Ants, Bees, Wasps | D9: European honey bee | E9: Apis mellifera | F9: non-native | G9: 0 | H9: 0
A10: 32nd/Golden Hill | B10: INVERTEBRATES | C10: Beetles | D10: Soft-winged Flower Beetle | E10: Eschatocrepis constrictus | F10: unsure | G10: 0 | H10: 0
A11: 32nd/Golden Hill | B11: INVERTEBRATES | C11: Ants, Bees, Wasps | D11: Tripartite Sweat Bee | E11: Halictus tripartitus | F11: non-native | G11: 0 | H11: 0
A12: 32nd/Golden Hill | B12: INVERTEBRATES | C12: Spiders | D12: Crab spider | E12: Xysticus californicus | F12: native | G12: 0 | H12: 0
A13: 32nd/Golden Hill | B13: INVERTEBRATES | C13: Spiders | D13: Sheet weaver spider | E13: "Disembolus" #3 | F13: native | G13: 0 | H13: 0
A14: 32nd/Golden Hill | B14: INVERTEBRATES | C14: Spiders | D14: Wall spider | E14: Oecobius navus | F14: non-native | G14: 0 | H14: 0
... A18: 32nd/Golden Hill | B18: INVERTEBRATES | C18: Spiders | D18: South American toothed hacklemesh weaver spider | E18: Metaltella simoni | F18: non-native | G18: 0 | H18: 0
B19: REPTILES & AMPHIBIANS
A20: 32nd/Golden Hill | B20: REPTILES & AMPHIBIANS | C20: Lizards | D20: Southern California Legless Lizard | E20: Anniella stebbinsi | F20: native | G20: 0 | H20: CDFW: Species of Special Concern
A21: 32nd/Golden Hill | B21: REPTILES & AMPHIBIANS | C21: Lizards | D21: Orange-throated Whiptail | E21: Aspidoscelis hyperythrus | F21: native | G21: 0 | H21: CDFW: Species of Special Concern (Watch List)
A22: 32nd/Golden Hill | B22: REPTILES & AMPHIBIANS | C22: Lizards | D22: Southern Alligator Lizard | E22: Elgaria multicarinata | F22: native | G22: 0 | H22: 0
A23: 32nd/Golden Hill | B23: REPTILES & AMPHIBIANS | C23: Snakes | D23: Brahminy Blind Snake | E23: Indotyphlops braminus | F23: non-native | G23: 0 | H23: 0
A24: 32nd/Golden Hill | B24: REPTILES & AMPHIBIANS | C24: Snakes | D24: Gophersnake | E24: Pituophis catenifer | F24: native | G24: 0 | H24: 0
A25: 32nd/Golden Hill | B25: REPTILES & AMPHIBIANS | C25: Lizards | D25: Western Fence Lizard | E25: Sceloporus occidentalis | F25: native | G25: 0 | H25: 0
B26: BIRDS
A27: 32nd/Golden Hill | B27: BIRDS | C27: Hawks & Eagles | D27: Cooper's Hawk | E27: Accipiter cooperii | F27: native | G27: 0 | H27: CDFW: Watch List
A28: 32nd/Golden Hill | B28: BIRDS | C28: Hawks & Eagles | D28: Red-shouldered Hawk | E28: Buteo lineatus | F28: native | G28: 0 | H28: 0
A29: 32nd/Golden Hill | B29: BIRDS | C29: Gulls & Terns | D29: Western Gull | E29: Larus occidentalis | F29: native | G29: 0 | H29: 0
A30: 32nd/Golden Hill | B30: BIRDS | C30: Pigeons & Doves | D30: Domestic Pigeon | E30: Columba livia | F30: non-native | G30: 0 | H30: 0
A31: 32nd/Golden Hill | B31: BIRDS | C31: Pigeons & Doves | D31: Mourning Dove | E31: Zenaida macroura | F31: native | G31: 0 | H31: 0
A32: 32nd/Golden Hill | B32: BIRDS | C32: Hummingbirds | D32: Anna's Hummingbird | E32: Calypte anna | F32: native | G32: 0 | H32: 0
A33: 32nd/Golden Hill | B33: BIRDS | C33: Hummingbirds | D33: Allen's Hummingbird | E33: Selasphorus sasin | F33: native | G33: 0 | H33: 0
A34: 32nd/Golden Hill | B34: BIRDS | C34: Woodpeckers | D34: Nuttall's Woodpecker | E34: Dryobates nuttallii | F34: native | G34: 0 | H34: 0
A35: 32nd/Golden Hill | B35: BIRDS | C35: Tyrant Flycatchers | D35: Western Flycatcher | E35: Empidonax difficilis | F35: native | G35: 0 | H35: 0
A36: 32nd/Golden Hill | B36: BIRDS | C36: Tyrant Flycatchers | D36: Black Phoebe | E36: Sayornis nigricans | F36: native | G36: 0 | H36: 0
A37: 32nd/Golden Hill | B37: BIRDS | C37: Tyrant Flycatchers | D37: Cassin's Kingbird | E37: Tyrannus vociferans | F37: native | G37: 0 | H37: 0
A38: 32nd/Golden Hill | B38: BIRDS | C38: Vireos | D38: Hutton's Vireo | E38: Vireo huttoni | F38: native | G38: 0 | H38: 0
A39: 32nd/Golden Hill | B39: BIRDS | C39: Crows & Jays | D39: California Scrub Jay | E39: Aphelocoma californica | F39: native | G39: 0 | H39: 0
... A46: 32nd/Golden Hill | B46: BIRDS | C46: Wrens | D46: House Wren | E46: Troglodytes aedon | F46: native | G46: 0 | H46: 0
A47: 32nd/Golden Hill | B47: BIRDS | C47: Gnatcatchers | D47: California Gnatcatcher | E47: Polioptila californica californica | F47: native | G47: Federally Threatened | H47: CDFW: Species of Special Concern
A48: 32nd/Golden Hill | B48: BIRDS | C48: Bushtits | D48: Bushtit | E48: Psaltriparus minimus | F48: native | G48: 0 | H48: 0
A49: 32nd/Golden Hill | B49: BIRDS | C49: Kinglets | D49: Ruby-crowned Kinglet | E49: Regulus calendula | F49: native | G49: 0 | H49: 0
A50: 32nd/Golden Hill | B50: BIRDS | C50: White-eyes | D50: Swinhoe's White-eye | E50: Zosterops simplex | F50: non-native | G50: 0 | H50: 0
A51: 32nd/Golden Hill | B51: BIRDS | C51: Babblers & Wrentit | D51: Wrentit | E51: Chamaea fasciata | F51: native | G51: 0 | H51: 0
A52: 32nd/Golden Hill | B52: BIRDS | C52: Waxbills & Munias | D52: Scaly-breasted Munia | E52: Lonchura punctulata | F52: non-native | G52: 0 | H52: 0
A53: 32nd/Golden Hill | B53: BIRDS | C53: Finches | D53: Lesser Goldfinch | E53: Spinus psaltria | F53: native | G53: 0 | H53: 0
A54: 32nd/Golden Hill | B54: BIRDS | C54: Finches | D54: House Finch | E54: Haemorhous mexicanus | F54: native | G54: 0 | H54: 0
A55: 32nd/Golden Hill | B55: BIRDS | C55: New World Sparrows | D55: Song Sparrow | E55: Melospiza melodia | F55: native | G55: 0 | H55: 0
A56: 32nd/Golden Hill | B56: BIRDS | C56: New World Sparrows | D56: White-crowned Sparrow | E56: Zonotrichia leucophrys | F56: native | G56: 0 | H56: 0
A57: 32nd/Golden Hill | B57: BIRDS | C57: New World Sparrows | D57: Spotted Towhee | E57: Pipilo maculatus | F57: native | G57: 0 | H57: 0
A58: 32nd/Golden Hill | B58: BIRDS | C58: New World Sparrows | D58: California Towhee | E58: Melozone crissalis | F58: native | G58: 0 | H58: 0
A59: 32nd/Golden Hill | B59: BIRDS | C59: Wood Warblers | D59: Orange-crowned Warbler | E59: Leiothlypis celata | F59: native | G59: 0 | H59: 0
... A61: 32nd/Golden Hill | B61: BIRDS | C61: New World Blackbirds & Orioles | D61: Hooded Oriole | E61: Icterus cucullatus | F61: native | G61: 0 | H61: 0
B62: MAMMALS
A63: 32nd/Golden Hill | B63: MAMMALS | C63: Rodents | D63: Big-eared Woodrat | E63: Neotoma macrotis | F63: native | G63: 0 | H63: 0
A64: 32nd/Golden Hill | B64: MAMMALS | C64: Rodents | D64: Black Rat | E64: Rattus rattus | F64: non-native | G64: 0 | H64: 0
A65: 32nd/Golden Hill | B65: MAMMALS | C65: Rodents | D65: House Mouse | E65: Mus musculus | F65: non-native | G65: 0 | H65: 0
A66: 32nd/Golden Hill | B66: MAMMALS | C66: Rodents | D66: California Ground Squirrel | E66: Otospermophilus beecheyi | F66: native | G66: 0 | H66: 0
A67: 32nd/Golden Hill | B67: MAMMALS | C67: Rodents | D67: Botta's Pocket Gopher | E67: Thomomys bottae | F67: native | G67: 0 | H67: 0
A68: 32nd/Golden Hill | B68: MAMMALS | C68: Rabbits & Hares | D68: Desert Cottontail | E68: Sylvilagus audubonii | F68: native | G68: 0 | H68: 0
A69: 32nd/Golden Hill | B69: MAMMALS | C69: Carnivores | D69: Coyote | E69: Canis latrans | F69: native | G69: 0 | H69: 0
A70: 32nd/Golden Hill | B70: MAMMALS | C70: Bats | D70: Mexican Free-tailed Bat | E70: Tadarida brasiliensis | F70: native | G70: 0 | H70: 0
A71: 32nd/Golden Hill | B71: MAMMALS | C71: Bats | D71: Western Red Bat | E71: Lasiurus frantzii | F71: native | G71: 0 | H71: CDFW: Species of Special Concern
A72: 32nd/Golden Hill | B72: MAMMALS | C72: Bats | D72: Yuma Myotis | E72: Myotis yumanensis | F72: native | G72: 0 | H72: 0
A73: 32nd/Golden Hill | B73: MAMMALS | C73: Bats | D73: Canyon Bat | E73: Parastrellus hesperus | F73: native | G73: 0 | H73: 0
A74: 32nd/Golden Hill | B74: MAMMALS | C74: Bats | D74: Hoary Bat | E74: Lasiurus cinereus | F74: native | G74: 0 | H74: 0
A75: 32nd/Golden Hill | B75: MAMMALS | C75: Bats | D75: Big Brown Bat | E75: Eptesicus fuscus | F75: native | G75: 0 | H75: 0
A76: 32nd/Golden Hill | B76: MAMMALS | C76: Bats | D76: Western Yellow Bat | E76: Lasiurus xanthinus | F76: native | G76: 0 | H76: CDFW: Species of Special Concern
A77: 32nd/Golden Hill | B77: MAMMALS | C77: Bats | D77: Western Small-footed Myotis | E77: Myotis ciliolabrum | F77: native | G77: 0 | H77: 0
A78: 32nd/Golden Hill | B78: MAMMALS | C78: Bats | D78: Big Free-tailed Bat | E78: Nyctinomops macrotis | F78: native | G78: 0 | H78: 0

Sheet 34th_Juniper
A1: Canyon | B1: Group | C1: Category | D1: Common Name | E1: Scientific Name | F1: Status | G1: Federal Listing Status | H1: State Listing Status | I1: iNat observation only
B2: INVERTEBRATES
A3: Juniper South | B3: INVERTEBRATES | C3: Spiders | D3: Wall spider | E3: Oecobius navus | F3: non-native | G3: 0 | H3: 0
A4: Juniper South | B4: INVERTEBRATES | C4: Ants, Bees, Wasps | D4: Argentine Ant | E4: Linepithema humile | F4: non-native | G4: 0 | H4: 0
A5: Juniper South | B5: INVERTEBRATES | C5: Arachnid | D5: Opiliones | E5: Protolophus singularis | F5: native | G5: 0 | H5: 0
A6: Juniper South | B6: INVERTEBRATES | C6: Beetles | D6: Tule Beetle | E6: Tanystoma maculicolle | F6: unsure | G6: 0 | H6: 0
A7: Juniper South | B7: INVERTEBRATES | C7: Ants, Bees, Wasps | D7: Tripartite Sweat Bee | E7: Halictus tripartitus | F7: non-native | G7: 0 | H7: 0
A8: Juniper South | B8: INVERTEBRATES | C8: Beetles | D8: Soft-winged Flower Beetle | E8: Eschatocrepis constrictus | F8: unsure | G8: 0 | H8: 0
A9: Juniper South | B9: INVERTEBRATES | C9: Ants, Bees, Wasps | D9: European honey bee | E9: Apis mellifera | F9: non-native | G9: 0 | H9: 0
A10: Juniper South | B10: INVERTEBRATES | C10: Ants, Bees, Wasps | D10: Fine Striped Sweat Bee | E10: Agapostemon subtilior | F10: native | G10: 0 | H10: 0
A11: * iNat observation only | B11: REPTILES & AMPHIBIANS
A12: Juniper South | B12: REPTILES & AMPHIBIANS | C12: Salamanders | D12: Garden Slender Salamander | E12: Batrachoseps major | F12: native | G12: 0 | H12: 0 | I12: *
A13: Juniper South | B13: REPTILES & AMPHIBIANS | C13: Lizards | D13: Orange-throated Whiptail | E13: Aspidoscelis hyperythrus | F13: native | G13: 0 | H13: CDFW: Species of Special Concern (Watch List)
A14: Juniper South | B14: REPTILES & AMPHIBIANS | C14: Snakes | D14: Ring-necked Snake | E14: Diadophis punctatus | F14: native | G14: 0 | H14: 0 | I14: *
A15: Juniper South | B15: REPTILES & AMPHIBIANS | C15: Lizards | D15: Southern Alligator Lizard | E15: Elgaria multicarinata | F15: native | G15: 0 | H15: 0
A16: Juniper South | B16: REPTILES & AMPHIBIANS | C16: Snakes | D16: Brahminy Blind Snake | E16: Indotyphlops braminus | F16: non-native | G16: 0 | H16: 0
A17: Juniper South | B17: REPTILES & AMPHIBIANS | C17: Snakes | D17: California Kingsnake | E17: Lampropeltis californiae | F17: native | G17: 0 | H17: 0 | I17: *
A18: Juniper South | B18: REPTILES & AMPHIBIANS | C18: Snakes | D18: Gophersnake | E18: Pituophis catenifer | F18: native | G18: 0 | H18: 0 | I18: *
A19: Juniper South | B19: REPTILES & AMPHIBIANS | C19: Lizards | D19: Western Fence Lizard | E19: Sceloporus occidentalis | F19: native | G19: 0 | H19: 0
A20: Juniper South | B20: REPTILES & AMPHIBIANS | C20: Lizards | D20: Common Side-blotched Lizard | E20: Uta stansburiana | F20: native | G20: 0 | H20: 0
B21: BIRDS
A22: Juniper South | B22: BIRDS | C22: Hawks & Eagles | D22: Sharp-shinned Hawk | E22: Accipiter striatus | F22: native | G22: 0 | H22: CDFW: Watch List
A23: Juniper South | B23: BIRDS | C23: Hawks & Eagles | D23: Cooper's Hawk | E23: Accipiter cooperii | F23: native | G23: 0 | H23: CDFW: Watch List
A24: Juniper South | B24: BIRDS | C24: Hawks & Eagles | D24: Red-shouldered Hawk | E24: Buteo lineatus | F24: native | G24: 0 | H24: 0
A25: Juniper South | B25: BIRDS | C25: Gulls & Terns | D25: Western Gull | E25: Larus occidentalis | F25: native | G25: 0 | H25: 0
A26: Juniper South | B26: BIRDS | C26: Pigeons & Doves | D26: Domestic Pigeon | E26: Columba livia | F26: non-native | G26: 0 | H26: 0
A27: Juniper South | B27: BIRDS | C27: Pigeons & Doves | D27: Mourning Dove | E27: Zenaida macroura | F27: native | G27: 0 | H27: 0
A28: Juniper South | B28: BIRDS | C28: Parrot | D28: Red-masked Parakeet | E28: Aratinga erythrogenys | F28: non-native | G28: 0 | H28: 0
A29: Juniper South | B29: BIRDS | C29: Swifts | D29: Vaux's Swift | E29: Chaetura vauxi | F29: native | G29: 0 | H29: CDFW: Species of Special Concern
A30: Juniper South | B30: BIRDS | C30: Swifts | D30: White-throated Swift | E30: Aeronautes saxatalis | F30: native | G30: 0 | H30: 0
A31: Juniper South | B31: BIRDS | C31: Hummingbirds | D31: Anna's Hummingbird | E31: Calypte anna | F31: native | G31: 0 | H31: 0
A32: Juniper South | B32: BIRDS | C32: Hummingbirds | D32: Allen's Hummingbird | E32: Selasphorus sasin | F32: native | G32: 0 | H32: 0
A33: Juniper South | B33: BIRDS | C33: Woodpeckers | D33: Nuttall's Woodpecker | E33: Dryobates nuttallii | F33: native | G33: 0 | H33: 0
A34: Juniper South | B34: BIRDS | C34: Tyrant Flycatchers | D34: Western Flycatcher | E34: Empidonax difficilis | F34: native | G34: 0 | H34: 0
A35: Juniper South | B35: BIRDS | C35: Tyrant Flycatchers | D35: Black Phoebe | E35: Sayornis nigricans | F35: native | G35: 0 | H35: 0
A36: Juniper South | B36: BIRDS | C36: Tyrant Flycatchers | D36: Ash-throated Flycatcher | E36: Myiarchus cinerascens | F36: native | G36: 0 | H36: 0
A37: Juniper South | B37: BIRDS | C37: Tyrant Flycatchers | D37: Cassin's Kingbird | E37: Tyrannus vociferans | F37: native | G37: 0 | H37: 0
A38: Juniper South | B38: BIRDS | C38: Crows & Jays | D38: California Scrub Jay | E38: Aphelocoma californica | F38: native | G38: 0 | H38: 0
A39: Juniper South | B39: BIRDS | C39: Crows & Jays | D39: American Crow | E39: Corvus brachyrhynchos | F39: native | G39: 0 | H39: 0
A40: Juniper South | B40: BIRDS | C40: Crows & Jays | D40: Common Raven | E40: Corvus corax | F40: native | G40: 0 | H40: 0
A41: Juniper South | B41: BIRDS | C41: Thrushes | D41: Western Bluebird | E41: Sialia mexicana | F41: native | G41: 0 | H41: 0
... A45: Juniper South | B45: BIRDS | C45: Wrens | D45: Bewick's Wren | E45: Thryomanes bewickii | F45: native | G45: 0 | H45: 0
A46: Juniper South | B46: BIRDS | C46: Gnatcatchers | D46: California Gnatcatcher | E46: Polioptila californica californica | F46: native | G46: Federally Threatened | H46: CDFW: Species of Special Concern
A47: Juniper South | B47: BIRDS | C47: Bushtits | D47: Bushtit | E47: Psaltriparus minimus | F47: native | G47: 0 | H47: 0
A48: Juniper South | B48: BIRDS | C48: Swallows | D48: Northern Rough-winged Swallow | E48: Stelgidopteryx serripennis | F48: native | G48: 0 | H48: 0
A49: Juniper South | B49: BIRDS | C49: Babblers & Wrentit | D49: Wrentit | E49: Chamaea fasciata | F49: native | G49: 0 | H49: 0
A50: Juniper South | B50: BIRDS | C50: Waxbills & Munias | D50: Scaly-breasted Munia | E50: Lonchura punctulata | F50: non-native | G50: 0 | H50: 0
A51: Juniper South | B51: BIRDS | C51: Finches | D51: Lesser Goldfinch | E51: Spinus psaltria | F51: native | G51: 0 | H51: 0
A52: Juniper South | B52: BIRDS | C52: Finches | D52: House Finch | E52: Haemorhous mexicanus | F52: native | G52: 0 | H52: 0
A53: Juniper South | B53: BIRDS | C53: New World Sparrows | D53: Song Sparrow | E53: Melospiza melodia | F53: native | G53: 0 | H53: 0
A54: Juniper South | B54: BIRDS | C54: New World Sparrows | D54: White-crowned Sparrow | E54: Zonotrichia leucophrys | F54: native | G54: 0 | H54: 0
A55: Juniper South | B55: BIRDS | C55: New World Sparrows | D55: Spotted Towhee | E55: Pipilo maculatus | F55: native | G55: 0 | H55: 0
A56: Juniper South | B56: BIRDS | C56: New World Sparrows | D56: California Towhee | E56: Melozone crissalis | F56: native | G56: 0 | H56: 0
A57: Juniper South | B57: BIRDS | C57: Wood Warblers | D57: Orange-crowned Warbler | E57: Leiothlypis celata | F57: native | G57: 0 | H57: 0
A58: Juniper South | B58: BIRDS | C58: Wood Warblers | D58: Yellow-rumped Warbler | E58: Setophaga coronata | F58: native | G58: 0 | H58: 0
A59: Juniper South | B59: BIRDS | C59: New World Blackbirds & Orioles | D59: Hooded Oriole | E59: Icterus cucullatus | F59: native | G59: 0 | H59: 0
B60: MAMMALS
A61: Juniper South | B61: MAMMALS | C61: Rodents | D61: Big-eared Woodrat | E61: Neotoma macrotis | F61: native | G61: 0 | H61: 0
A62: Juniper South | B62: MAMMALS | C62: Rodents | D62: California Mouse | E62: Peromyscus californicus | F62: native | G62: 0 | H62: 0
A63: Juniper South | B63: MAMMALS | C63: Rodents | D63: Cactus Mouse | E63: Peromyscus eremicus | F63: native | G63: 0 | H63: 0
A64: Juniper South | B64: MAMMALS | C64: Rodents | D64: House Rat | E64: Rattus rattus | F64: non-native | G64: 0 | H64: 0
A65: Juniper South | B65: MAMMALS | C65: Rodents | D65: Western Harvest Mouse | E65: Reithrodontomys megalotis | F65: native | G65: 0 | H65: 0
A66: Juniper South | B66: MAMMALS | C66: Carnivores | D66: Coyote | E66: Canis latrans | F66: native | G66: 0 | H66: 0
A67: Juniper South | B67: MAMMALS | C67: Rabbits & Hares | D67: Desert Cottontail | E67: Sylvilagus audubonii | F67: native | G67: 0 | H67: 0
A68: Juniper South | B68: MAMMALS | C68: Rodents | D68: House Mouse | E68: Mus musculus | F68: non-native | G68: 0 | H68: 0
A69: Juniper South | B69: MAMMALS | C69: Rodents | D69: Black Rat | E69: Rattus rattus | F69: non-native | G69: 0 | H69: 0
A70: Juniper South | B70: MAMMALS | C70: Rodents | D70: California Ground Squirrel | E70: Otospermophilus beecheyi | F70: native | G70: 0 | H70: 0
A71: Juniper South | B71: MAMMALS | C71: Carnivores | D71: Raccoon | E71: Procyon lotor | F71: native | G71: 0 | H71: 0
A72: Juniper South | B72: MAMMALS | C72: Bats | D72: Mexican Free-tailed Bat | E72: Tadarida brasiliensis | F72: native | G72: 0 | H72: 0
A73: Juniper South | B73: MAMMALS | C73: Bats | D73: Western Red Bat | E73: Lasiurus frantzii | F73: native | G73: 0 | H73: CDFW: Species of Special Concern
A74: Juniper South | B74: MAMMALS | C74: Bats | D74: Yuma Myotis | E74: Myotis yumanensis | F74: native | G74: 0 | H74: 0
A75: Juniper South | B75: MAMMALS | C75: Bats | D75: Canyon Bat | E75: Parastrellus hesperus | F75: native | G75: 0 | H75: 0
A76: Juniper South | B76: MAMMALS | C76: Bats | D76: Hoary Bat | E76: Lasiurus cinereus | F76: native | G76: 0 | H76: 0
A77: Juniper South | B77: MAMMALS | C77: Bats | D77: Big Brown Bat | E77: Eptesicus fuscus | F77: native | G77: 0 | H77: 0

Sheet 47th_Olivia
A1: Canyon | B1: Group | C1: Category | D1: Common Name | E1: Scientific Name | F1: Status | G1: Federal Listing Status | H1: State Listing Status
B2: INVERTEBRATES
A3: Olivia | B3: INVERTEBRATES | C3: Spiders | D3: Wolf spider | E3: Schizocosa mccooki | F3: native | G3: 0 | H3: 0
A4: Olivia | B4: INVERTEBRATES | C4: Ants, Bees, Wasps | D4: Argentine Ant | E4: Linepithema humile | F4: non-native | G4: 0 | H4: 0
A5: Olivia | B5: INVERTEBRATES | C5: Spiders | D5: Wandering spider | E5: Socalchemmis miramar | F5: native | G5: 0 | H5: 0
A6: Olivia | B6: INVERTEBRATES | C6: Spiders | D6: Woodlouse spider | E6: Dysdera crocata | F6: non-native | G6: 0 | H6: 0
A7: Olivia | B7: INVERTEBRATES | C7: Spiders | D7: South American toothed hacklemesh weaver spider | E7: Metaltella simoni | F7: non-native | G7: 0 | H7: 0
A8: Olivia | B8: INVERTEBRATES | C8: Spiders | D8: Prowling spider | E8: Syspira tigrina | F8: native | G8: 0 | H8: 0
A9: Olivia | B9: INVERTEBRATES | C9: Ants, Bees, Wasps | D9: Fine Striped Sweat Bee | E9: Agapostemon subtilior | F9: native | G9: 0 | H9: 0
A10: Olivia | B10: INVERTEBRATES | C10: Ants, Bees, Wasps | D10: Cactus Chimney Bee | E10: Diadasia australis | F10: native | G10: 0 | H10: 0
A11: Olivia | B11: INVERTEBRATES | C11: Ants, Bees, Wasps | D11: Longhorn Bee | E11: Melissodes tessellatus | F11: unsure | G11: 0 | H11: 0
A12: Olivia | B12: INVERTEBRATES | C12: Ants, Bees, Wasps | D12: Tripartite Sweat Bee | E12: Halictus tripartitus | F12: non-native | G12: 0 | H12: 0
A13: Olivia | B13: INVERTEBRATES | C13: Spiders | D13: Wolf spider | E13: Pardosa californica | F13: native | G13: 0 | H13: 0
A14: Olivia | B14: INVERTEBRATES | C14: Spiders | D14: Wall spider | E14: Oecobius navus | F14: non-native | G14: 0 | H14: 0
... A21: Olivia | B21: INVERTEBRATES | C21: Ants, Bees, Wasps | D21: European honey bee | E21: Apis mellifera | F21: non-native | G21: 0 | H21: 0
B22: REPTILES & AMPHIBIANS | D22: * denotes iNat observation only
A23: Olivia | B23: REPTILES & AMPHIBIANS | C23: Lizards | D23: Orange-throated Whiptail | E23: Aspidoscelis hyperythrus | F23: native | G23: 0 | H23: CDFW: Species of Special Concern (Watch List)
A24: Olivia | B24: REPTILES & AMPHIBIANS | C24: Salamanders | D24: Garden Slender Salamander | E24: Batrachoseps major | F24: native | G24: 0 | H24: 0
A25: Olivia | B25: REPTILES & AMPHIBIANS | C25: Lizards | D25: Southern Alligator Lizard | E25: Elgaria multicarinata | F25: native | G25: 0 | H25: 0
A26: Olivia | B26: REPTILES & AMPHIBIANS | C26: Snakes | D26: Brahminy Blind Snake | E26: Indotyphlops braminus | F26: non-native | G26: 0 | H26: 0
A27: Olivia | B27: REPTILES & AMPHIBIANS | C27: Lizards | D27: Western Fence Lizard | E27: Sceloporus occidentalis | F27: native | G27: 0 | H27: 0
A28: Olivia | B28: REPTILES & AMPHIBIANS | C28: Lizards | D28: Common Side-blotched Lizard | E28: Uta stansburiana | F28: native | G28: 0 | H28: 0
B29: BIRDS | C29: BIRDS
A30: Olivia | B30: BIRDS | C30: Hawks & Eagles | D30: Cooper's Hawk | E30: Accipiter cooperii | F30: native | G30: 0 | H30: CDFW: Watch List
A31: Olivia | B31: BIRDS | C31: Hawks & Eagles | D31: Red-shouldered Hawk | E31: Buteo lineatus | F31: native | G31: 0 | H31: 0
A32: Olivia | B32: BIRDS | C32: Owls | D32: Great Horned Owl | E32: Bubo virginianus | F32: native | G32: 1 | H32: 0 | I32: Camera Trap By-catch
A33: Olivia | B33: BIRDS | C33: Gulls & Terns | D33: Western Gull | E33: Larus occidentalis | F33: native | G33: 0 | H33: 0
A34: Olivia | B34: BIRDS | C34: Pigeons & Doves | D34: Domestic Pigeon | E34: Columba livia | F34: non-native | G34: 0 | H34: 0
A35: Olivia | B35: BIRDS | C35: Pigeons & Doves | D35: Mourning Dove | E35: Zenaida macroura | F35: native | G35: 0 | H35: 0
A36: Olivia | B36: BIRDS | C36: Parrot | D36: Red-masked Parakeet | E36: Aratinga erythrogenys | F36: non-native | G36: 0 | H36: 0
A37: Olivia | B37: BIRDS | C37: Parrots | D37: Red-crowned Parrot | E37: Amazona viridigenalis | F37: non-native | G37: 0 | H37: 0 | I37: Observation: Red/Lilac-crowned Parrot
A38: Olivia | B38: BIRDS | C38: Swifts | D38: Vaux's Swift | E38: Chaetura vauxi | F38: native | G38: 0 | H38: CDFW: Species of Special Concern
A39: Olivia | B39: BIRDS | C39: Hummingbirds | D39: Anna's Hummingbird | E39: Calypte anna | F39: native | G39: 0 | H39: 0
A40: Olivia | B40: BIRDS | C40: Hummingbirds | D40: Allen's Hummingbird | E40: Selasphorus sasin | F40: native | G40: 0 | H40: 0
A41: Olivia | B41: BIRDS | C41: Woodpeckers | D41: Nuttall's Woodpecker | E41: Dryobates nuttallii | F41: native | G41: 0 | H41: 0
A42: Olivia | B42: BIRDS | C42: Tyrant Flycatchers | D42: Western Flycatcher | E42: Empidonax difficilis | F42: native | G42: 0 | H42: 0
A43: Olivia | B43: BIRDS | C43: Tyrant Flycatchers | D43: Black Phoebe | E43: Sayornis nigricans | F43: native | G43: 0 | H43: 0
A44: Olivia | B44: BIRDS | C44: Tyrant Flycatchers | D44: Ash-throated Flycatcher | E44: Myiarchus cinerascens | F44: native | G44: 0 | H44: 0
A45: Olivia | B45: BIRDS | C45: Tyrant Flycatchers | D45: Cassin's Kingbird | E45: Tyrannus vociferans | F45: native | G45: 0 | H45: 0
A46: Olivia | B46: BIRDS | C46: Vireos | D46: Hutton's Vireo | E46: Vireo huttoni | F46: native | G46: 0 | H46: 0
A47: Olivia | B47: BIRDS | C47: Vireos | D47: Warbling Vireo | E47: Vireo gilvus | F47: native | G47: 0 | H47: 0
A48: Olivia | B48: BIRDS | C48: Crows & Jays | D48: California Scrub Jay | E48: Aphelocoma californica | F48: native | G48: 0 | H48: 0
A49: Olivia | B49: BIRDS | C49: Crows & Jays | D49: American Crow | E49: Corvus brachyrhynchos | F49: native | G49: 0 | H49: 0
A50: Olivia | B50: BIRDS | C50: Waxwings | D50: Cedar Waxwing | E50: Bombycilla cedrorum | F50: native | G50: 0 | H50: 0
... A75: Olivia | B75: BIRDS | C75: Wood Warblers | D75: Wilson's Warbler | E75: Wilsonia pusilla | F75: native | G75: 0 | H75: 0
A76: Olivia | B76: BIRDS | C76: Yellow-breasted Chat | D76: Yellow-breasted Chat | E76: Icteria virens | F76: native | G76: 0 | H76: CDFW: Species of Special Concern
A77: Olivia | B77: BIRDS | C77: Cardinals, Grosbeaks, & Buntings | D77: Black-headed Grosbeak | E77: Pheucticus melanocephalus | F77: native | G77: 0 | H77: 0
A78: Olivia | B78: BIRDS | C78: Cardinals, Grosbeaks, & Buntings | D78: Lazuli Bunting | E78: Passerina amoena | F78: native | G78: 0 | H78: 0
A79: Olivia | B79: BIRDS | C79: New World Blackbirds & Orioles | D79: Hooded Oriole | E79: Icterus cucullatus | F79: native | G79: 0 | H79: 0
B80: MAMMALS | C80: MAMMALS
A81: Olivia | B81: MAMMALS | C81: Rodents | D81: House Mouse | E81: Mus musculus | F81: non-native | G81: 0 | H81: 0
A82: Olivia | B82: MAMMALS | C82: Rodents | D82: Cactus Mouse | E82: Peromyscus eremicus | F82: native | G82: 0 | H82: 0
A83: Olivia | B83: MAMMALS | C83: Rodents | D83: Black Rat | E83: Rattus rattus | F83: non-native | G83: 0 | H83: 0
A84: Olivia | B84: MAMMALS | C84: Rodents | D84: California Ground Squirrel | E84: Otospermophilus beecheyi | F84: native | G84: 1 | H84: 0
A85: Olivia | B85: MAMMALS | C85: Rodents | D85: Eastern Fox Squirrel | E85: Sciurus niger | F85: non-native | G85: 2 | H85: 0
A86: Olivia | B86: MAMMALS | C86: Carnivores | D86: Coyote | E86: Canis latrans | F86: native | G86: 0 | H86: 0
A87: Olivia | B87: MAMMALS | C87: Rabbits & Hares | D87: Desert Cottontail | E87: Sylvilagus audubonii | F87: native | G87: 0 | H87: 0
A88: Olivia | B88: MAMMALS | C88: Carnivores | D88: Domestic Cat | E88: Felis catus | F88: non-native | G88: 0 | H88: 0
A89: Olivia | B89: MAMMALS | C89: Carnivores | D89: Striped Skunk | E89: Mephitis mephitis | F89: native | G89: 0 | H89: 0
A90: Olivia | B90: MAMMALS | C90: Opossum | D90: Virginia Opossum | E90: Didelphis virginiana | F90: non-native | G90: 1 | H90: 0
A91: Olivia | B91: MAMMALS | C91: Bats | D91: Mexican Free-tailed Bat | E91: Tadarida brasiliensis | F91: native | G91: 0 | H91: 0
A92: Olivia | B92: MAMMALS | C92: Bats | D92: Western Red Bat | E92: Lasiurus frantzii | F92: native | G92: 0 | H92: CDFW: Species of Special Concern

Sheet Chollas_EmeraldHills
A1: Canyon | B1: Group | C1: Category | D1: Common Name | E1: Scientific Name | F1: Status | G1: Federal Listing Status | H1: State Listing Status
B2: INVERTEBRATES
A3: Chollas South/Emerald Hills | B3: INVERTEBRATES | C3: Ants, Bees, Wasps | D3: Argentine Ant | E3: Linepithema humile | F3: non-native | G3: 0 | H3: 0
A4: Chollas South/Emerald Hills | B4: INVERTEBRATES | C4: Spiders | D4: Ground spider | E4: Drassyllus insularis | F4: native | G4: 0 | H4: 0
A5: Chollas South/Emerald Hills | B5: INVERTEBRATES | C5: Arachnid | D5: Opiliones | E5: Protolophus singularis | F5: native | G5: 0 | H5: 0
A6: Chollas South/Emerald Hills | B6: INVERTEBRATES | C6: Spiders | D6: Jumping spider | E6: Attinella dorsata | F6: native | G6: 0 | H6: 0
A7: Chollas South/Emerald Hills | B7: INVERTEBRATES | C7: Spiders | D7: Wolf spider | E7: Alopecosa kochii | F7: native | G7: 0 | H7: 0
A8: Chollas South/Emerald Hills | B8: INVERTEBRATES | C8: Spiders | D8: Prowling spider | E8: Syspira tigrina | F8: native | G8: 0 | H8: 0
A9: Chollas South/Emerald Hills | B9: INVERTEBRATES | C9: Ants, Bees, Wasps | D9: European honey bee | E9: Apis mellifera | F9: non-native | G9: 0 | H9: 0
A10: Chollas South/Emerald Hills | B10: INVERTEBRATES | C10: Beetles | D10: Soft-winged Flower Beetle | E10: Eschatocrepis constrictus | F10: unsure | G10: 0 | H10: 0
A11: Chollas South/Emerald Hills | B11: INVERTEBRATES | C11: Ants, Bees, Wasps | D11: Tripartite Sweat Bee | E11: Halictus tripartitus | F11: non-native | G11: 0 | H11: 0
A12: Chollas South/Emerald Hills | B12: INVERTEBRATES | C12: Spiders | D12: Crab spider | E12: Xysticus californicus | F12: native | G12: 0 | H12: 0
A13: Chollas South/Emerald Hills | B13: INVERTEBRATES | C13: Spiders | D13: Sheet weaver spider | E13: "Disembolus" #3 | F13: native | G13: 0 | H13: 0
A14: Chollas South/Emerald Hills | B14: INVERTEBRATES | C14: Spiders | D14: Wall spider | E14: Oecobius navus | F14: non-native | G14: 0 | H14: 0
... A18: Chollas South/Emerald Hills | B18: INVERTEBRATES | C18: Spiders | D18: South American toothed hacklemesh weaver spider | E18: Metaltella simoni | F18: non-native | G18: 0 | H18: 0
B19: REPTILES & AMPHIBIANS
A20: Chollas South/Emerald Hills | B20: REPTILES & AMPHIBIANS | C20: Lizards | D20: Orange-throated Whiptail | E20: Aspidoscelis hyperythrus | F20: native | G20: 0 | H20: CDFW: Species of Special Concern (Watch List)
A21: Chollas South/Emerald Hills | B21: REPTILES & AMPHIBIANS | C21: Lizards | D21: Southern Alligator Lizard | E21: Elgaria multicarinata | F21: native | G21: 0 | H21: 0
A22: Chollas South/Emerald Hills | B22: REPTILES & AMPHIBIANS | C22: Snakes | D22: California Kingsnake | E22: Lampropeltis californiae | F22: native | G22: 0 | H22: 0
A23: Chollas South/Emerald Hills | B23: REPTILES & AMPHIBIANS | C23: Snakes | D23: Gophersnake | E23: Pituophis catenifer | F23: native | G23: 0 | H23: 0
A24: Chollas South/Emerald Hills | B24: REPTILES & AMPHIBIANS | C24: Lizards | D24: Western Fence Lizard | E24: Sceloporus occidentalis | F24: native | G24: 0 | H24: 0
A25: Chollas South/Emerald Hills | B25: REPTILES & AMPHIBIANS | C25: Lizards | D25: Common Side-blotched Lizard | E25: Uta stansburiana | F25: native | G25: 0 | H25: 0
A26: Chollas South/Emerald Hills | B26: REPTILES & AMPHIBIANS | C26: Frogs | D26: African Clawed Frog | E26: Xenopus laevis | F26: non-native | G26: 0 | H26: 0
B27: BIRDS
A28: Chollas South/Emerald Hills | B28: BIRDS | C28: Hawks & Eagles | D28: Red-shouldered Hawk | E28: Buteo lineatus | F28: native | G28: 0 | H28: 0
A29: Chollas South/Emerald Hills | B29: BIRDS | C29: Hawks & Eagles | D29: Red-tailed Hawk | E29: Buteo jamaicensis | F29: native | G29: 0 | H29: 0
A30: Chollas South/Emerald Hills | B30: BIRDS | C30: Gulls & Terns | D30: Western Gull | E30: Larus occidentalis | F30: native | G30: 0 | H30: 0
A31: Chollas South/Emerald Hills | B31: BIRDS | C31: Pigeons & Doves | D31: Mourning Dove | E31: Zenaida macroura | F31: native | G31: 0 | H31: 0
A32: Chollas South/Emerald Hills | B32: BIRDS | C32: Swifts | D32: White-throated Swift | E32: Aeronautes saxatalis | F32: native | G32: 0 | H32: 0
A33: Chollas South/Emerald Hills | B33: BIRDS | C33: Hummingbirds | D33: Anna's Hummingbird | E33: Calypte anna | F33: native | G33: 0 | H33: 0
A34: Chollas South/Emerald Hills | B34: BIRDS | C34: Hummingbirds | D34: Allen's Hummingbird | E34: Selasphorus sasin | F34: native | G34: 0 | H34: 0
A35: Chollas South/Emerald Hills | B35: BIRDS | C35: Woodpeckers | D35: Nuttall's Woodpecker | E35: Dryobates nuttallii | F35: native | G35: 0 | H35: 0
A36: Chollas South/Emerald Hills | B36: BIRDS | C36: Woodpeckers | D36: Northern Flicker | E36: Colaptes auratus | F36: native | G36: 0 | H36: 0
A37: Chollas South/Emerald Hills | B37: BIRDS | C37: Tyrant Flycatchers | D37: Western Flycatcher | E37: Empidonax difficilis | F37: native | G37: 0 | H37: 0
A38: Chollas South/Emerald Hills | B38: BIRDS | C38: Tyrant Flycatchers | D38: Black Phoebe | E38: Sayornis nigricans | F38: native | G38: 0 | H38: 0
A39: Chollas South/Emerald Hills | B39: BIRDS | C39: Tyrant Flycatchers | D39: Cassin's Kingbird | E39: Tyrannus vociferans | F39: native | G39: 0 | H39: 0
... A46: Chollas South/Emerald Hills | B46: BIRDS | C46: Wrens | D46: Bewick's Wren | E46: Thryomanes bewickii | F46: native | G46: 0 | H46: 0
A47: Chollas South/Emerald Hills | B47: BIRDS | C47: Gnatcatchers | D47: California Gnatcatcher | E47: Polioptila californica californica | F47: native | G47: 0 | H47: CDFW: Species of Special Concern
A48: Chollas South/Emerald Hills | B48: BIRDS | C48: Bushtits | D48: Bushtit | E48: Psaltriparus minimus | F48: native | G48: 0 | H48: 0
A49: Chollas South/Emerald Hills | B49: BIRDS | C49: Swallows | D49: Cliff Swallow | E49: Petrochelidon pyrrhonota | F49: native | G49: 0 | H49: 0
A50: Chollas South/Emerald Hills | B50: BIRDS | C50: Kinglets | D50: Ruby-crowned Kinglet | E50: Regulus calendula | F50: native | G50: 0 | H50: 0
A51: Chollas South/Emerald Hills | B51: BIRDS | C51: Babblers & Wrentit | D51: Wrentit | E51: Chamaea fasciata | F51: native | G51: 0 | H51: 0
A52: Chollas South/Emerald Hills | B52: BIRDS | C52: Old World Sparrows | D52: House Sparrow | E52: Passer domesticus | F52: non-native | G52: 0 | H52: 0
A53: Chollas South/Emerald Hills | B53: BIRDS | C53: Waxbills & Munias | D53: Scaly-breasted Munia | E53: Lonchura punctulata | F53: non-native | G53: 0 | H53: 0
A54: Chollas South/Emerald Hills | B54: BIRDS | C54: Finches | D54: Lesser Goldfinch | E54: Spinus psaltria | F54: native | G54: 0 | H54: 0
A55: Chollas South/Emerald Hills | B55: BIRDS | C55: Finches | D55: House Finch | E55: Haemorhous mexicanus | F55: native | G55: 0 | H55: 0
A56: Chollas South/Emerald Hills | B56: BIRDS | C56: New World Sparrows | D56: Song Sparrow | E56: Melospiza melodia | F56: native | G56: 0 | H56: 0
A57: Chollas South/Emerald Hills | B57: BIRDS | C57: New World Sparrows | D57: White-crowned Sparrow | E57: Zonotrichia leucophrys | F57: native | G57: 0 | H57: 0
A58: Chollas South/Emerald Hills | B58: BIRDS | C58: New World Sparrows | D58: Spotted Towhee | E58: Pipilo maculatus | F58: native | G58: 0 | H58: 0
A59: Chollas South/Emerald Hills | B59: BIRDS | C59: New World Sparrows | D59: California Towhee | E59: Melozone crissalis | F59: native | G59: 0 | H59: 0
... A62: Chollas South/Emerald Hills | B62: BIRDS | C62: New World Blackbirds & Orioles | D62: Hooded Oriole | E62: Icterus cucullatus | F62: native | G62: 0 | H62: 0
B63: MAMMALS
A64: Chollas South/Emerald Hills | B64: MAMMALS | C64: Rodents | D64: Cacus Mouse | E64: Peromyscus eremicus | F64: native | G64: 0 | H64: 0
A65: Chollas South/Emerald Hills | B65: MAMMALS | C65: Rodents | D65: Big-eared Woodrat | E65: Neotoma macrotis | F65: native | G65: 0 | H65: 0
A66: Chollas South/Emerald Hills | B66: MAMMALS | C66: Small Mammals | D66: House Mouse | E66: Mus musculus | F66: non-native | G66: 0 | H66: 0
A67: Chollas South/Emerald Hills | B67: MAMMALS | C67: Rabbits & Hares | D67: Brush Rabbit | E67: Sylvilagus bachmani | F67: native | G67: 0 | H67: 0
A68: Chollas South/Emerald Hills | B68: MAMMALS | C68: Rodents | D68: California Ground Squirrel | E68: Otospermophilus beecheyi | F68: native | G68: 0 | H68: 0
A69: Chollas South/Emerald Hills | B69: MAMMALS | C69: Rodents | D69: Chipmunk Species | E69: Neotamias sp. | F69: native | G69: 0 | H69: 0 | I69: *probably a released pet
A70: Chollas South/Emerald Hills | B70: MAMMALS | C70: Carnivores | D70: Coyote | E70: Canis latrans | F70: native | G70: 0 | H70: 0
A71: Chollas South/Emerald Hills | B71: MAMMALS | C71: Rabbits & Hares | D71: Desert Cottontail | E71: Sylvilagus audubonii | F71: native | G71: 0 | H71: 0
A72: Chollas South/Emerald Hills | B72: MAMMALS | C72: Carnivores | D72: Striped Skunk | E72: Mephitis mephitis | F72: native | G72: 0 | H72: 0
A73: Chollas South/Emerald Hills | B73: MAMMALS | C73: Opossum | D73: Virginia Opossum | E73: Didelphis virginiana | F73: non-native | G73: 0 | H73: 0
A74: Chollas South/Emerald Hills | B74: MAMMALS | C74: Bats | D74: Mexican Free-tailed Bat | E74: Tadarida brasiliensis | F74: native | G74: 0 | H74: 0
A75: Chollas South/Emerald Hills | B75: MAMMALS | C75: Bats | D75: Western Red Bat | E75: Lasiurus frantzii | F75: native | G75: 0 | H75: CDFW: Species of Special Concern
A76: Chollas South/Emerald Hills | B76: MAMMALS | C76: Bats | D76: Yuma Myotis | E76: Myotis yumanensis | F76: native | G76: 0 | H76: 0
A77: Chollas South/Emerald Hills | B77: MAMMALS | C77: Bats | D77: Hoary Bat | E77: Lasiurus cinereus | F77: native | G77: 0 | H77: 0

Sheet Florida_East
A1: Canyon | B1: Group | C1: Category | D1: Common Name | E1: Scientific Name | F1: Status | G1: Federal Listing Status | H1: State Listing Status | I1: iNat observation only
B2: INVERTEBRATES
A3: Florida East | B3: INVERTEBRATES | C3: Ants, Bees, Wasps | D3: Argentine Ant | E3: Linepithema humile | F3: non-native | G3: 0 | H3: 0
A4: Florida East | B4: INVERTEBRATES | C4: Spiders | D4: Wolf spider | E4: Alopecosa kochii | F4: native | G4: 0 | H4: 0
A5: Florida East | B5: INVERTEBRATES | C5: Ants, Bees, Wasps | D5: Tripartite Sweat Bee | E5: Halictus tripartitus | F5: non-native | G5: 0 | H5: 0
A6: Florida East | B6: INVERTEBRATES | C6: Spiders | D6: Ant mimic spider | E6: Castianeira thalia | F6: native | G6: 0 | H6: 0
A7: Florida East | B7: INVERTEBRATES | C7: Spiders | D7: Paradise spider | E7: Habronattus californicus | F7: native | G7: 0 | H7: 0
A8: Florida East | B8: INVERTEBRATES | C8: Beetles | D8: Soft-winged Flower Beetle | E8: Eschatocrepis constrictus | F8: unsure | G8: 0 | H8: 0
A9: Florida East | B9: INVERTEBRATES | C9: Ants, Bees, Wasps | D9: Yellow-faced Bumble Bee | E9: Bombus vosnesenskii | F9: native | G9: 0 | H9: 0
A10: Florida East | B10: INVERTEBRATES | C10: Ants, Bees, Wasps | D10: European honey bee | E10: Apis mellifera | F10: non-native | G10: 0 | H10: 0
A11: Florida East | B11: INVERTEBRATES | C11: Arachnid | D11: Opiliones | E11: Protolophus singularis | F11: native | G11: 0 | H11: 0
A12: Florida East | B12: INVERTEBRATES | C12: Spiders | D12: Jumping spider | E12: Talavera minuta | F12: native | G12: 0 | H12: 0
A13: Florida East | B13: INVERTEBRATES | C13: Flies | D13: Small Fruit Fly | E13: Drosophila repleta | F13: unsure | G13: 0 | H13: 0
A14: Florida East | B14: INVERTEBRATES | C14: Beetles | D14: California Pink Glowworm | E14: Microphotus angustus | F14: native | G14: 0 | H14: 0
... A25: Florida East | B25: INVERTEBRATES | C25: Spiders | D25: Wall spider | E25: Oecobius navus | F25: non-native | G25: 0 | H25: 0
B26: REPTILES & AMPHIIANS | C26: * iNat observation only
A27: Florida East | B27: REPTILES & AMPHIBIANS | C27: Frogs | D27: Western Toad | E27: Anaxyrus boreas | F27: native | G27: 0 | H27: 0 | I27: *
A28: Florida East | B28: REPTILES & AMPHIBIANS | C28: Lizards | D28: Orange-throated Whiptail | E28: Aspidoscelis hyperythrus | F28: native | G28: 0 | H28: CDFW: Species of Special Concern (Watch List)
A29: Florida East | B29: REPTILES & AMPHIBIANS | C29: Lizards | D29: Southern Alligator Lizard | E29: Elgaria multicarinata | F29: native | G29: 0 | H29: 0
A30: Florida East | B30: REPTILES & AMPHIBIANS | C30: Snakes | D30: Striped Racer | E30: Masticophis lateralis | F30: native | G30: 0 | H30: 0
A31: Florida East | B31: REPTILES & AMPHIBIANS | C31: Snakes | D31: Gophersnake | E31: Pituophis catenifer | F31: native | G31: 0 | H31: 0
A32: Florida East | B32: REPTILES & AMPHIBIANS | C32: Lizards | D32: Western Fence Lizard | E32: Sceloporus occidentalis | F32: native | G32: 0 | H32: 0
A33: Florida East | B33: REPTILES & AMPHIBIANS | C33: Lizards | D33: Common Side-blotched Lizard | E33: Uta stansburiana | F33: native | G33: 0 | H33: 0
A34: Florida East | B34: REPTILES & AMPHIBIANS | C34: Frogs | D34: African Clawed Frog | E34: Xenopus laevis | F34: non-native | G34: 0 | H34: 0 | I34: *
B35: BIRDS
A36: Florida East | B36: BIRDS | C36: Hawks & Eagles | D36: Cooper's Hawk | E36: Accipiter cooperii | F36: native | G36: 0 | H36: CDFW: Watch List
A37: Florida East | B37: BIRDS | C37: Hawks & Eagles | D37: Red-shouldered Hawk | E37: Buteo lineatus | F37: native | G37: 0 | H37: 0
A38: Florida East | B38: BIRDS | C38: Hawks & Eagles | D38: Red-tailed Hawk | E38: Buteo jamaicensis | F38: native | G38: 0 | H38: 0
A39: Florida East | B39: BIRDS | C39: Falcons | D39: American Kestrel | E39: Falco sparverius | F39: native | G39: 0 | H39: 0
A40: Florida East | B40: BIRDS | C40: Gulls & Terns | D40: Western Gull | E40: Larus occidentalis | F40: native | G40: 0 | H40: 0
A41: Florida East | B41: BIRDS | C41: Pigeons & Doves | D41: Mourning Dove | E41: Zenaida macroura | F41: native | G41: 0 | H41: 0
A42: Florida East | B42: BIRDS | C42: Parrots | D42: Red-crowned Parrot | E42: Amazona viridigenalis | F42: non-native | G42: 0 | H42: 0
A43: Florida East | B43: BIRDS | C43: Swifts | D43: White-throated Swift | E43: Aeronautes saxatalis | F43: native | G43: 0 | H43: 0
A44: Florida East | B44: BIRDS | C44: Hummingbirds | D44: Anna's Hummingbird | E44: Calypte anna | F44: native | G44: 0 | H44: 0
A45: Florida East | B45: BIRDS | C45: Hummingbirds | D45: Allen's Hummingbird | E45: Selasphorus sasin | F45: native | G45: 0 | H45: 0
A46: Florida East | B46: BIRDS | C46: Woodpeckers | D46: Nuttall's Woodpecker | E46: Dryobates nuttallii | F46: native | G46: 0 | H46: 0
A47: Florida East | B47: BIRDS | C47: Tyrant Flycatchers | D47: Say's Phoebe | E47: Sayornis saya | F47: native | G47: 0 | H47: 0
A48: Florida East | B48: BIRDS | C48: Tyrant Flycatchers | D48: Black Phoebe | E48: Sayornis nigricans | F48: native | G48: 0 | H48: 0
... A60: Florida East | B60: BIRDS | C60: Wrens | D60: House Wren | E60: Troglodytes aedon | F60: native | G60: 0 | H60: 0
A61: Florida East | B61: BIRDS | C61: Gnatcatchers | D61: California Gnatcatcher | E61: Polioptila californica californica | F61: native | G61: 0 | H61: CDFW: Species of Special Concern
A62: Florida East | B62: BIRDS | C62: Bushtits | D62: Bushtit | E62: Psaltriparus minimus | F62: native | G62: 0 | H62: 0
A63: Florida East | B63: BIRDS | C63: Swallows | D63: N. Rough-winged Swallow | E63: Stelgidopteryx serripennis | F63: native | G63: 0 | H63: 0
A64: Florida East | B64: BIRDS | C64: Kinglets | D64: Ruby-crowned Kinglet | E64: Regulus calendula | F64: native | G64: 0 | H64: 0
A65: Florida East | B65: BIRDS | C65: White-eyes | D65: Swinhoe's White-eye | E65: Zosterops simplex | F65: non-native | G65: 0 | H65: 0
A66: Florida East | B66: BIRDS | C66: Babblers & Wrentit | D66: Wrentit | E66: Chamaea fasciata | F66: native | G66: 0 | H66: 0
A67: Florida East | B67: BIRDS | C67: Larks | D67: Horned Lark | E67: Eremophila alpestris | F67: native | G67: 0 | H67: CDFW: Watch List
A68: Florida East | B68: BIRDS | C68: Pipits & Wagtails | D68: American Pipit | E68: Anthus rubescens | F68: native | G68: 0 | H68: 0
A69: Florida East | B69: BIRDS | C69: Waxbills & Munias | D69: Scaly-breasted Munia | E69: Lonchura punctulata | F69: non-native | G69: 0 | H69: 0
A70: Florida East | B70: BIRDS | C70: Finches | D70: Lesser Goldfinch | E70: Spinus psaltria | F70: native | G70: 0 | H70: 0
A71: Florida East | B71: BIRDS | C71: Finches | D71: House Finch | E71: Haemorhous mexicanus | F71: native | G71: 0 | H71: 0
A72: Florida East | B72: BIRDS | C72: New World Sparrows | D72: Song Sparrow | E72: Melospiza melodia | F72: native | G72: 0 | H72: 0
A73: Florida East | B73: BIRDS | C73: New World Sparrows | D73: White-crowned Sparrow | E73: Zonotrichia leucophrys | F73: native | G73: 0 | H73: 0
A74: Florida East | B74: BIRDS | C74: New World Sparrows | D74: Dark-eyed Junco | E74: Junco hyemalis | F74: native | G74: 0 | H74: 0
A75: Florida East | B75: BIRDS | C75: New World Sparrows | D75: Spotted Towhee | E75: Pipilo maculatus | F75: native | G75: 0 | H75: 0
A76: Florida East | B76: BIRDS | C76: New World Sparrows | D76: California Towhee | E76: Melozone crissalis | F76: native | G76: 0 | H76: 0
A77: Florida East | B77: BIRDS | C77: Wood Warblers | D77: Orange-crowned Warbler | E77: Leiothlypis celata | F77: native | G77: 0 | H77: 0
A78: Florida East | B78: BIRDS | C78: Wood Warblers | D78: Yellow-rumped Warbler | E78: Setophaga coronata | F78: native | G78: 0 | H78: 0
A79: Florida East | B79: BIRDS | C79: Wood Warblers | D79: Common Yellowthroat | E79: Geothlypis trichas | F79: native | G79: 0 | H79: 0
A80: La Jolla Heights | B80: BIRDS | C80: Yellow-breasted Chat | D80: Yellow-breasted Chat | E80: Icteria virens | F80: native | G80: 0 | H80: CDFW: Species of Special Concern
A81: Florida East | B81: BIRDS | C81: Cardinals, Grosbeaks, & Buntings | D81: Black-headed Grosbeak | E81: Pheucticus melanocephalus | F81: native | G81: 0 | H81: 0
A82: Florida East | B82: BIRDS | C82: New World Blackbirds & Orioles | D82: Hooded Oriole | E82: Icterus cucullatus | F82: native | G82: 0 | H82: 0
A83: Florida East | B83: BIRDS | C83: New World Blackbirds & Orioles | D83: Brewer's Blackbird | E83: Euphagus cyanocephalus | F83: native | G83: 0 | H83: 0
B84: MAMMALS
A85: Florida East | B85: MAMMALS | C85: Rodents | D85: San Diego Pocket Mouse | E85: Chaetodipus fallax fallax | F85: native | G85: 0 | H85: 0
A86: Florida East | B86: MAMMALS | C86: Small Mammals | D86: House Mouse | E86: Mus musculus | F86: non-native | G86: 0 | H86: 0
A87: Florida East | B87: MAMMALS | C87: Rodents | D87: Big-eared Woodrat | E87: Neotoma macrotis | F87: native | G87: 0 | H87: 0
A88: Florida East | B88: MAMMALS | C88: Rodents | D88: California Ground Squirrel | E88: Otospermophilus beecheyi | F88: native | G88: 0 | H88: 0
A89: Florida East | B89: MAMMALS | C89: Rodents | D89: California Mouse | E89: Peromyscus californicus | F89: native | G89: 0 | H89: 0
A90: Florida East | B90: MAMMALS | C90: Rodents | D90: Cactus Mouse | E90: Peromyscus eremicus | F90: native | G90: 0 | H90: 0
A91: Florida East | B91: MAMMALS | C91: Rodents | D91: North American Deer Mouse | E91: Peromyscus maniculatus | F91: native | G91: 0 | H91: 0
A92: Florida East | B92: MAMMALS | C92: Rodents | D92: Black Rat | E92: Rattus rattus | F92: non-native | G92: 0 | H92: 0
A93: Florida East | B93: MAMMALS | C93: Rodents | D93: Western Harvest Mouse | E93: Reithrodontomys megalotis | F93: native | G93: 0 | H93: 0
A94: Florida East | B94: MAMMALS | C94: Rabbits & Hares | D94: Desert Cottontail | E94: Sylvilagus audubonii | F94: native | G94: 0 | H94: 0
A95: Florida East | B95: MAMMALS | C95: Carnivores | D95: Coyote | E95: Canis latrans | F95: native | G95: 0 | H95: 0
A96: Florida East | B96: MAMMALS | C96: Bats | D96: Mexican Free-tailed Bat | E96: Tadarida brasiliensis | F96: native | G96: 0 | H96: 0
A97: Florida East | B97: MAMMALS | C97: Bats | D97: Western Red Bat | E97: Lasiurus frantzii | F97: native | G97: 0 | H97: CDFW: Species of Special Concern
A98: Florida East | B98: MAMMALS | C98: Bats | D98: Canyon Bat | E98: Parastrellus hesperus | F98: native | G98: 0 | H98: 0
A99: Florida East | B99: MAMMALS | C99: Bats | D99: Hoary Bat | E99: Lasiurus cinereus | F99: native | G99: 0 | H99: 0
A100: Florida East | B100: MAMMALS | C100: Bats | D100: Big Brown Bat | E100: Eptesicus fuscus | F100: native | G100: 0 | H100: 0
A101: Florida East | B101: MAMMALS | C101: Bats | D101: California Myotis | E101: Myotis californicus | F101: native | G101: 0 | H101: 0

Sheet Gonzales
A1: Canyon | B1: Group | C1: Category | D1: Common Name | E1: Scientific Name | F1: Status | G1: Federal Listing Status | H1: State Listing Status | I1: iNat observation only | J1: Notes
B2: INVERTEBRATES
A3: Gonzales | B3: INVERTEBRATES | C3: Spiders | D3: Wolf spider | E3: Alopecosa kochii | F3: native | G3: 0 | H3: 0
A4: Gonzales | B4: INVERTEBRATES | C4: Ants, Bees, Wasps | D4: Argentine Ant | E4: Linepithema humile | F4: non-native | G4: 0 | H4: 0
A5: Gonzales | B5: INVERTEBRATES | C5: Spiders | D5: Ground spider | E5: Gnaphosa californica | F5: native | G5: 0 | H5: 0
A6: Gonzales | B6: INVERTEBRATES | C6: Ants, Bees, Wasps | D6: European honey bee | E6: Apis mellifera | F6: non-native | G6: 0 | H6: 0
A7: Gonzales | B7: INVERTEBRATES | C7: Spiders | D7: Wolf spider | E7: Pardosa californica | F7: native | G7: 0 | H7: 0
A8: Gonzales | B8: INVERTEBRATES | C8: Spiders | D8: Wall spider | E8: Oecobius navus | F8: non-native | G8: 0 | H8: 0
A9: Gonzales | B9: INVERTEBRATES | C9: Spiders | D9: Ground spider | E9: Marinarozelotes barbatus | F9: non-native | G9: 0 | H9: 0
A10: Gonzales | B10: INVERTEBRATES | C10: Beetles | D10: Soft-winged Flower Beetle | E10: Eschatocrepis constrictus | F10: unsure | G10: 0 | H10: 0
A11: Gonzales | B11: INVERTEBRATES | C11: Spiders | D11: Paradise spider | E11: Habronattus californicus | F11: native | G11: 0 | H11: 0
A12: Gonzales | B12: INVERTEBRATES | C12: Beetles | D12: Bark and Ambrosia Beetle | E12: Xyleborinus sp. | F12: unsure | G12: 0 | H12: 0
A13: Gonzales | B13: INVERTEBRATES | C13: Ants, Bees, Wasps | D13: Prong-faced Slender-Mason | E13: Protosmia rubifloris | F13: native | G13: 0 | H13: 0
A14: Gonzales | B14: INVERTEBRATES | C14: Spiders | D14: Woodlouse spider | E14: Dysdera crocata | F14: non-native | G14: 0 | H14: 0
... A21: Gonzales | B21: INVERTEBRATES | C21: Spiders | D21: California Trapdoor spider | E21: Bothriocyrtum californicum | F21: native | G21: 0 | H21: 0
B22: REPTILES & AMPHIBIANS
A23: Gonzales | B23: REPTILES & AMPHIBIANS | C23: Frogs | D23: Western Toad | E23: Anaxyrus boreas | F23: native | G23: 0 | H23: 0
A24: Gonzales | B24: REPTILES & AMPHIBIANS | C24: Lizards | D24: Southern California Legless Lizard | E24: Anniella stebbinsi | F24: native | G24: 0 | H24: CDFW: Species of Special Concern | I24: *
A25: Gonzales | B25: REPTILES & AMPHIBIANS | C25: Lizards | D25: Orange-throated Whiptail | E25: Aspidoscelis hyperythrus | F25: native | G25: 0 | H25: CDFW: Species of Special Concern (Watch List)
A26: Gonzales | B26: REPTILES & AMPHIBIANS | C26: Salamanders | D26: Garden Slender Salamander | E26: Batrachoseps major | F26: native | G26: 0 | H26: 0
A27: Gonzales | B27: REPTILES & AMPHIBIANS | C27: Snakes | D27: Western Rattlesnake | E27: Crotalus oreganus | F27: native | G27: 0 | H27: 0
A28: Gonzales | B28: REPTILES & AMPHIBIANS | C28: Snakes | D28: Red Diamond Rattlesnake | E28: Crotalus ruber | F28: native | G28: 0 | H28: CDFW: Species of Special Concern
A29: Gonzales | B29: REPTILES & AMPHIBIANS | C29: Snakes | D29: Ring-necked Snake | E29: Diadophis punctatus | F29: native | G29: 0 | H29: 0
A30: Gonzales | B30: REPTILES & AMPHIBIANS | C30: Lizards | D30: Southern Alligator Lizard | E30: Elgaria multicarinata | F30: native | G30: 0 | H30: 0 | J30: Camera Trap By-catch
A31: Gonzales | B31: REPTILES & AMPHIBIANS | C31: Snakes | D31: Coast Night Snake | E31: Hypsiglena ochrorhyncha | F31: native | G31: 0 | H31: 0 | I31: *
A32: Gonzales | B32: REPTILES & AMPHIBIANS | C32: Snakes | D32: California Kingsnake | E32: Lampropeltis californiae | F32: native | G32: 0 | H32: 0
A33: Gonzales | B33: REPTILES & AMPHIBIANS | C33: Frogs | D33: American Bullfrog | E33: Lithobates catesbeianus | F33: non-native | G33: 0 | H33: 0
A34: Gonzales | B34: REPTILES & AMPHIBIANS | C34: Snakes | D34: Striped Racer | E34: Masticophis lateralis | F34: native | G34: 0 | H34: 0
A35: Gonzales | B35: REPTILES & AMPHIBIANS | C35: Snakes | D35: Gophersnake | E35: Pituophis catenifer | F35: native | G35: 0 | H35: 0
A36: Gonzales | B36: REPTILES & AMPHIBIANS | C36: Lizards | D36: Western Skink | E36: Plestiodon skiltonianus | F36: native | G36: 0 | H36: CDFW: Species of Special Concern (Watch List) | I36: *
A37: Gonzales | B37: REPTILES & AMPHIBIANS | C37: Frogs | D37: Pacific Treefrog | E37: Pseudacris regilla | F37: native | G37: 0 | H37: 0
A38: Gonzales | B38: REPTILES & AMPHIBIANS | C38: Snakes | D38: Long-nosed Snake | E38: Rhinocheilus lecontei | F38: native | G38: 0 | H38: 0 | I38: *
A39: Gonzales | B39: REPTILES & AMPHIBIANS | C39: Lizards | D39: Western Fence Lizard | E39: Sceloporus occidentalis | F39: native | G39: 0 | H39: 0
A40: Gonzales | B40: REPTILES & AMPHIBIANS | C40: Snakes | D40: Two-striped Gartersnake | E40: Thamnophis hammondii | F40: native | G40: 0 | H40: CDFW: Species of Special Concern | I40: *
B41: BIRDS
A42: Gonzales | B42: BIRDS | C42: Vultures | D42: Turkey Vulture | E42: Cathartes aura | F42: native | G42: 0 | H42: 0
A43: Gonzales | B43: BIRDS | C43: Hawks & Eagles | D43: Cooper's Hawk | E43: Accipiter cooperii | F43: native | G43: 0 | H43: CDFW: Watch List
A44: Gonzales | B44: BIRDS | C44: Hawks & Eagles | D44: Red-shouldered Hawk | E44: Buteo lineatus | F44: native | G44: 0 | H44: 0
A45: Gonzales | B45: BIRDS | C45: Hawks & Eagles | D45: Red-tailed Hawk | E45: Buteo jamaicensis | F45: native | G45: 0 | H45: 0
A46: Gonzales | B46: BIRDS | C46: Falcons | D46: American Kestrel | E46: Falco sparverius | F46: native | G46: 0 | H46: 0
A47: Gonzales | B47: BIRDS | C47: Quails | D47: California Quail | E47: Callipepla californica | F47: native | G47: 0 | H47: 0
A48: Gonzales | B48: BIRDS | C48: Pigeons & Doves | D48: Mourning Dove | E48: Zenaida macroura | F48: native | G48: 0 | H48: 0
A49: Gonzales | B49: BIRDS | C49: Gulls & Terns | D49: Western Gull | E49: Larus occidentalis | F49: native | G49: 0 | H49: 0
A50: Gonzales | B50: BIRDS | C50: Cuckoos | D50: Greater Roadrunner | E50: Geococcyx californianus | F50: native | G50: 0 | H50: 0
A51: Gonzales | B51: BIRDS | C51: Swifts | D51: White-throated Swift | E51: Aeronautes saxatalis | F51: native | G51: 0 | H51: 0
A52: Gonzales | B52: BIRDS | C52: Hummingbirds | D52: Anna's Hummingbird | E52: Calypte anna | F52: native | G52: 0 | H52: 0
A53: Gonzales | B53: BIRDS | C53: Hummingbirds | D53: Allen's Hummingbird | E53: Selasphorus sasin | F53: native | G53: 0 | H53: 0
A54: Gonzales | B54: BIRDS | C54: Woodpeckers | D54: Nuttall's Woodpecker | E54: Dryobates nuttallii | F54: native | G54: 0 | H54: 0
A55: Gonzales | B55: BIRDS | C55: Woodpeckers | D55: Northern Flicker | E55: Colaptes auratus | F55: native | G55: 0 | H55: 0
... A74: Gonzales | B74: BIRDS | C74: Gnatcatchers | D74: Blue-gray Gnatcatcher | E74: Polioptila caerulea | F74: native | G74: 0 | H74: 0
A75: Gonzales | B75: BIRDS | C75: Gnatcatchers | D75: California Gnatcatcher | E75: Polioptila californica californica | F75: native | G75: Federally Threatened | H75: CDFW: Species of Special Concern
A76: Gonzales | B76: BIRDS | C76: Bushtits | D76: Bushtit | E76: Psaltriparus minimus | F76: native | G76: 0 | H76: 0
A77: Gonzales | B77: BIRDS | C77: Swallows | D77: N. Rough-winged Swallow | E77: Stelgidopteryx serripennis | F77: native | G77: 0 | H77: 0
A78: Gonzales | B78: BIRDS | C78: Swallows | D78: Cliff Swallow | E78: Petrochelidon pyrrhonota | F78: native | G78: 0 | H78: 0
A79: Gonzales | B79: BIRDS | C79: White-eyes | D79: Swinhoe's White-eye | E79: Zosterops simplex | F79: non-native | G79: 0 | H79: 0
A80: Gonzales | B80: BIRDS | C80: Babblers & Wrentit | D80: Wrentit | E80: Chamaea fasciata | F80: native | G80: 0 | H80: 0
A81: Gonzales | B81: BIRDS | C81: Waxbills & Munias | D81: Scaly-breasted Munia | E81: Lonchura punctulata | F81: non-native | G81: 0 | H81: 0
A82: Gonzales | B82: BIRDS | C82: Finches | D82: Lesser Goldfinch | E82: Spinus psaltria | F82: native | G82: 0 | H82: 0
A83: Gonzales | B83: BIRDS | C83: Finches | D83: House Finch | E83: Haemorhous mexicanus | F83: native | G83: 0 | H83: 0
A84: Gonzales | B84: BIRDS | C84: New World Sparrows | D84: Song Sparrow | E84: Melospiza melodia | F84: native | G84: 0 | H84: 0
A85: Gonzales | B85: BIRDS | C85: New World Sparrows | D85: White-crowned Sparrow | E85: Zonotrichia leucophrys | F85: native | G85: 0 | H85: 0
A86: Gonzales | B86: BIRDS | C86: New World Sparrows | D86: Spotted Towhee | E86: Pipilo maculatus | F86: native | G86: 0 | H86: 0
A87: Gonzales | B87: BIRDS | C87: New World Sparrows | D87: California Towhee | E87: Melozone crissalis | F87: native | G87: 0 | H87: 0
... A90: Gonzales | B90: BIRDS | C90: Wood Warblers | D90: Common Yellowthroat | E90: Geothlypis trichas | F90: native | G90: 0 | H90: 0
A91: Gonzales | B91: BIRDS | C91: Yellow-breasted Chat | D91: Yellow-breasted Chat | E91: Icteria virens | F91: native | G91: 0 | H91: CDFW: Species of Special Concern
A92: Gonzales | B92: BIRDS | C92: Cardinals, Grosbeaks, & Buntings | D92: Black-headed Grosbeak | E92: Pheucticus melanocephalus | F92: native | G92: 0 | H92: 0
A93: Gonzales | B93: BIRDS | C93: New World Blackbirds & Orioles | D93: Hooded Oriole | E93: Icterus cucullatus | F93: native | G93: 0 | H93: 0
A94: Gonzales | B94: BIRDS | C94: Nightjars | D94: Common Poorwill | E94: Phalaenoptilus nuttallii | F94: native | G94: 0 | H94: 0 | I94: Camera Trap By-catch
B95: MAMMALS
A96: Gonzales | B96: MAMMALS | C96: Rodents | D96: San Diego Pocket Mouse | E96: Chaetodipus fallax fallax | F96: native | G96: 0 | H96: 0
A97: Gonzales | B97: MAMMALS | C97: Rodents | D97: Bryant's Woodrat | E97: Neotoma bryanti | F97: native | G97: 0 | H97: CDFW: Species of Special Concern
A98: Gonzales | B98: MAMMALS | C98: Rodents | D98: Big-eared Woodrat | E98: Neotoma macrotis | F98: native | G98: 0 | H98: 0
A99: Gonzales | B99: MAMMALS | C99: Rodents | D99: California Ground Squirrel | E99: Otospermophilus beecheyi | F99: native | G99: 0 | H99: 0
A100: Gonzales | B100: MAMMALS | C100: Rodents | D100: California Mouse | E100: Peromyscus californicus | F100: native | G100: 0 | H100: 0
A101: Gonzales | B101: MAMMALS | C101: Rodents | D101: Cactus Mouse | E101: Peromyscus eremicus | F101: native | G101: 0 | H101: 0
A102: Gonzales | B102: MAMMALS | C102: Carnivores | D102: Bobcat | E102: Lynx rufus | F102: native | G102: 0 | H102: 0
A103: Gonzales | B103: MAMMALS | C103: Rabbits & Hares | D103: Brush Rabbit | E103: Sylvilagus bachmani | F103: native | G103: 0 | H103: 0
A104: Gonzales | B104: MAMMALS | C104: Rodents | D104: California Ground Squirrel | E104: Otospermophilus beecheyi | F104: native | G104: 0 | H104: 0
A105: Gonzales | B105: MAMMALS | C105: Carnivores | D105: Coyote | E105: Canis latrans | F105: native | G105: 0 | H105: 0
A106: Gonzales | B106: MAMMALS | C106: Rabbits & Hares | D106: Desert Cottontail | E106: Sylvilagus audubonii | F106: native | G106: 0 | H106: 0
A107: Gonzales | B107: MAMMALS | C107: Ungulate | D107: Mule Deer | E107: Odocoileus hemionus | F107: native | G107: 0 | H107: 0
A108: Gonzales | B108: MAMMALS | C108: Carnivores | D108: Striped Skunk | E108: Mephitis mephitis | F108: native | G108: 0 | H108: 0
A109: Gonzales | B109: MAMMALS | C109: Carnivores | D109: Raccoon | E109: Procyon lotor | F109: native | G109: 0 | H109: 0
... A111: Gonzales | B111: MAMMALS | C111: Bats | D111: Mexican Free-tailed Bat | E111: Tadarida brasiliensis | F111: native | G111: 0 | H111: 0
A112: Gonzales | B112: MAMMALS | C112: Bats | D112: Western Red Bat | E112: Lasiurus frantzii | F112: native | G112: 0 | H112: CDFW: Species of Special Concern
A113: Gonzales | B113: MAMMALS | C113: Bats | D113: Yuma Myotis | E113: Myotis yumanensis | F113: native | G113: 0 | H113: 0
A114: Gonzales | B114: MAMMALS | C114: Bats | D114: Canyon Bat | E114: Parastrellus hesperus | F114: native | G114: 0 | H114: 0

Sheet KateSessions
A1: Canyon | B1: Group | C1: Category | D1: Common Name | E1: Scientific Name | F1: Status | G1: Federal Listing Status | H1: State Listing Status | I1: iNat observation only | J1: Notes
B2: INVERTEBRATES
A3: Kate Sessions | B3: INVERTEBRATES | C3: Ants, Bees, Wasps | D3: Tripartite Sweat Bee | E3: Halictus tripartitus | F3: non-native | G3: 0 | H3: 0
A4: Kate Sessions | B4: INVERTEBRATES | C4: Ants, Bees, Wasps | D4: European honey bee | E4: Apis mellifera | F4: non-native | G4: 0 | H4: 0
A5: Kate Sessions | B5: INVERTEBRATES | C5: Beetles | D5: Soft-winged Flower Beetle | E5: Eschatocrepis constrictus | F5: unsure | G5: 0 | H5: 0
A6: Kate Sessions | B6: INVERTEBRATES | C6: Ants, Bees, Wasps | D6: Fine Striped Sweat Bee | E6: Agapostemon subtilior | F6: native | G6: 0 | H6: 0
A7: Kate Sessions | B7: INVERTEBRATES | C7: Spiders | D7: Wolf spider | E7: Alopecosa kochii | F7: native | G7: 0 | H7: 0
A8: Kate Sessions | B8: INVERTEBRATES | C8: Spiders | D8: Ground spider | E8: Drassyllus insularis | F8: native | G8: 0 | H8: 0
A9: Kate Sessions | B9: INVERTEBRATES | C9: Spiders | D9: Mesh web weavers | E9: Yorima angelica | F9: native | G9: 0 | H9: 0
A10: Kate Sessions | B10: INVERTEBRATES | C10: Spiders | D10: Wall spider | E10: Oecobius navus | F10: non-native | G10: 0 | H10: 0
A11: Kate Sessions | B11: INVERTEBRATES | C11: Ants, Bees, Wasps | D11: Argentine Ant | E11: Linepithema humile | F11: non-native | G11: 0 | H11: 0
A12: Kate Sessions | B12: INVERTEBRATES | C12: Beetles | D12: Wooly Darkling Beetle | E12: Eleodes osculans | F12: native | G12: 0 | H12: 0
A13: Kate Sessions | B13: INVERTEBRATES | C13: Spiders | D13: Jumping spider | E13: Neon avalonus | F13: native | G13: 0 | H13: 0
A14: Kate Sessions | B14: INVERTEBRATES | C14: Spiders | D14: Jumping spider | E14: Talavera minuta | F14: native | G14: 0 | H14: 0
A15: Kate Sessions | B15: INVERTEBRATES | C15: Spiders | D15: Woodlouse spider | E15: Dysdera crocata | F15: non-native | G15: 0 | H15: 0
B16: REPTILES & AMPHIBIANS | D16: * denotes iNat observation only
A17: Kate Sessions | B17: REPTILES & AMPHIBIANS | C17: Lizards | D17: Orange-throated Whiptail | E17: Aspidoscelis hyperythrus | F17: native | G17: 0 | H17: CDFW: Species of Special Concern (Watch List)
A18: Kate Sessions | B18: REPTILES & AMPHIBIANS | C18: Salamanders | D18: Garden Slender Salamander | E18: Batrachoseps major | F18: native | G18: 0 | H18: 0
A19: Kate Sessions | B19: REPTILES & AMPHIBIANS | C19: Snakes | D19: Western Rattlesnake | E19: Crotalus oreganus | F19: native | G19: 0 | H19: 0
A20: Kate Sessions | B20: REPTILES & AMPHIBIANS | C20: Snakes | D20: California Kingsnake | E20: Lampropeltis californiae | F20: native | G20: 0 | H20: 0
A21: Kate Sessions | B21: REPTILES & AMPHIBIANS | C21: Lizards | D21: Western Skink | E21: Plestiodon skiltonianus | F21: native | G21: 0 | H21: CDFW: Species of Special Concern (Watch List)
A22: Kate Sessions | B22: REPTILES & AMPHIBIANS | C22: Snakes | D22: Gophersnake | E22: Pituophis catenifer | F22: native | G22: 0 | H22: 0 | I22: *
A23: Kate Sessions | B23: REPTILES & AMPHIBIANS | C23: Lizards | D23: Western Fence Lizard | E23: Sceloporus occidentalis | F23: native | G23: 0 | H23: 0
A24: Kate Sessions | B24: REPTILES & AMPHIBIANS | C24: Lizards | D24: Common Side-blotched Lizard | E24: Uta stansburiana | F24: native | G24: 0 | H24: 0
B25: BIRDS
A26: Kate Sessions | B26: BIRDS | C26: Hawks & Eagles | D26: Cooper's Hawk | E26: Accipiter cooperii | F26: native | G26: 0 | H26: CDFW: Watch List
A27: Kate Sessions | B27: BIRDS | C27: Hawks & Eagles | D27: Red-shouldered Hawk | E27: Buteo lineatus | F27: native | G27: 0 | H27: 0
A28: Kate Sessions | B28: BIRDS | C28: Pigeons & Doves | D28: Mourning Dove | E28: Zenaida macroura | F28: native | G28: 0 | H28: 0
A29: Kate Sessions | B29: BIRDS | C29: Parrot | D29: Red-masked Parakeet | E29: Aratinga erythrogenys | F29: non-native | G29: 0 | H29: 0
A30: Kate Sessions | B30: BIRDS | C30: Hummingbirds | D30: Anna's Hummingbird | E30: Calypte anna | F30: native | G30: 0 | H30: 0
A31: Kate Sessions | B31: BIRDS | C31: Hummingbirds | D31: Allen's Hummingbird | E31: Selasphorus sasin | F31: native | G31: 0 | H31: 0
A32: Kate Sessions | B32: BIRDS | C32: Woodpeckers | D32: Nuttall's Woodpecker | E32: Dryobates nuttallii | F32: native | G32: 0 | H32: 0
A33: Kate Sessions | B33: BIRDS | C33: Tyrant Flycatchers | D33: Say's Phoebe | E33: Sayornis saya | F33: native | G33: 0 | H33: 0
A34: Kate Sessions | B34: BIRDS | C34: Tyrant Flycatchers | D34: Black Phoebe | E34: Sayornis nigricans | F34: native | G34: 0 | H34: 0
A35: Kate Sessions | B35: BIRDS | C35: Tyrant Flycatchers | D35: Cassin's Kingbird | E35: Tyrannus vociferans | F35: native | G35: 0 | H35: 0
A36: Kate Sessions | B36: BIRDS | C36: Crows & Jays | D36: California Scrub Jay | E36: Aphelocoma californica | F36: native | G36: 0 | H36: 0
A37: Kate Sessions | B37: BIRDS | C37: Crows & Jays | D37: American Crow | E37: Corvus brachyrhynchos | F37: native | G37: 0 | H37: 0
A38: Kate Sessions | B38: BIRDS | C38: Thrushes | D38: Hermit Thrush | E38: Catharus guttatus | F38: native | G38: 0 | H38: 0
... A41: Kate Sessions | B41: BIRDS | C41: Wrens | D41: Bewick's Wren | E41: Thryomanes bewickii | F41: native | G41: 0 | H41: 0
A42: Kate Sessions | B42: BIRDS | C42: Gnatcatchers | D42: California Gnatcatcher | E42: Polioptila californica californica | F42: native | G42: Federally Threatened | H42: CDFW: Species of Special Concern
A43: La Jolla Heights | B43: BIRDS | C43: Bushtits | D43: Bushtit | E43: Psaltriparus minimus | F43: native | G43: 0 | H43: 0
A44: Kate Sessions | B44: BIRDS | C44: Kinglets | D44: Ruby-crowned Kinglet | E44: Regulus calendula | F44: native | G44: 0 | H44: 0
A45: Kate Sessions | B45: BIRDS | C45: White-eyes | D45: Swinhoe's White-eye | E45: Zosterops simplex | F45: non-native | G45: 0 | H45: 0
A46: Kate Sessions | B46: BIRDS | C46: Babblers & Wrentit | D46: Wrentit | E46: Chamaea fasciata | F46: native | G46: 0 | H46: 0
A47: Kate Sessions | B47: BIRDS | C47: Finches | D47: Lesser Goldfinch | E47: Spinus psaltria | F47: native | G47: 0 | H47: 0
A48: Kate Sessions | B48: BIRDS | C48: Finches | D48: House Finch | E48: Haemorhous mexicanus | F48: native | G48: 0 | H48: 0
A49: Kate Sessions | B49: BIRDS | C49: New World Sparrows | D49: Song Sparrow | E49: Melospiza melodia | F49: native | G49: 0 | H49: 0
A50: Kate Sessions | B50: BIRDS | C50: New World Sparrows | D50: White-crowned Sparrow | E50: Zonotrichia leucophrys | F50: native | G50: 0 | H50: 0
A51: Kate Sessions | B51: BIRDS | C51: New World Sparrows | D51: Spotted Towhee | E51: Pipilo maculatus | F51: native | G51: 0 | H51: 0
A52: Kate Sessions | B52: BIRDS | C52: New World Sparrows | D52: California Towhee | E52: Melozone crissalis | F52: native | G52: 0 | H52: 0
A53: La Jolla Heights | B53: BIRDS | C53: Wood Warblers | D53: Orange-crowned Warbler | E53: Leiothlypis celata | F53: native | G53: 0 | H53: 0
A54: Kate Sessions | B54: BIRDS | C54: Wood Warblers | D54: Yellow-rumped Warbler | E54: Setophaga coronata | F54: native | G54: 0 | H54: 0
A55: Kate Sessions | B55: BIRDS | C55: New World Blackbirds & Orioles | D55: Hooded Oriole | E55: Icterus cucullatus | F55: native | G55: 0 | H55: 0
A56: Kate Sessions | B56: BIRDS | C56: Owls | D56: Common Barn Owl | E56: Tyto Alba | F56: native | G56: 0 | H56: 0 | J56: Camera Trap By-catch
B57: MAMMALS
A58: Kate Sessions | B58: MAMMALS | C58: Small Mammals | D58: House Mouse | E58: Mus musculus | F58: non-native | G58: 0 | H58: 0
A59: Kate Sessions | B59: MAMMALS | C59: Rodents | D59: Big-eared Woodrat | E59: Neotoma macrotis | F59: native | G59: 0 | H59: 0
A60: Kate Sessions | B60: MAMMALS | C60: Rodents | D60: California Mouse | E60: Peromyscus californicus | F60: native | G60: 0 | H60: 0
A61: Kate Sessions | B61: MAMMALS | C61: Rodents | D61: Cactus Mouse | E61: Peromyscus eremicus | F61: native | G61: 0 | H61: 0
A62: Kate Sessions | B62: MAMMALS | C62: Rodents | D62: Western Harvest Mouse | E62: Reithrodontomys megalotis | F62: native | G62: 0 | H62: 0
A63: Kate Sessions | B63: MAMMALS | C63: Carnivores | D63: Coyote | E63: Canis latrans | F63: native | G63: 0 | H63: 0
A64: Kate Sessions | B64: MAMMALS | C64: Carnivores | D64: Striped Skunk | E64: Mephitis mephitis | F64: native | G64: 0 | H64: 0
A65: Kate Sessions | B65: MAMMALS | C65: Rabbits & Hares | D65: Desert Cottontail | E65: Sylvilagus audubonii | F65: native | G65: 0 | H65: 0
A66: Kate Sessions | B66: MAMMALS | C66: Bats | D66: Mexican Free-tailed Bat | E66: Tadarida brasiliensis | F66: native | G66: 0 | H66: 0
A67: Kate Sessions | B67: MAMMALS | C67: Bats | D67: Western Red Bat | E67: Lasiurus frantzii | F67: native | G67: 0 | H67: CDFW: Species of Special Concern
A68: Kate Sessions | B68: MAMMALS | C68: Bats | D68: Yuma Myotis | E68: Myotis yumanensis | F68: native | G68: 0 | H68: 0

Sheet LaJollaHeights
A1: Canyon | B1: Group | C1: Category | D1: Common Name | E1: Scientific Name | F1: Status | G1: Federal Listing Status | H1: State Listing Status | I1: iNat observation only
B2: INVERTEBRATES
A3: La Jolla Heights | B3: INVERTEBRATES | C3: Ants, Bees, Wasps | D3: Argentine Ant | E3: Linepithema humile | F3: non-native | G3: 0 | H3: 0
A4: La Jolla Heights | B4: INVERTEBRATES | C4: Spiders | D4: Wall spider | E4: Oecobius navus | F4: non-native | G4: 0 | H4: 0
A5: La Jolla Heights | B5: INVERTEBRATES | C5: Spiders | D5: Ground sac spider | E5: Meriola californica | F5: native | G5: 0 | H5: 0
A6: La Jolla Heights | B6: INVERTEBRATES | C6: Ants, Bees, Wasps | D6: European honey bee | E6: Apis mellifera | F6: non-native | G6: 0 | H6: 0
A7: La Jolla Heights | B7: INVERTEBRATES | C7: Ants, Bees, Wasps | D7: Tripartite Sweat Bee | E7: Halictus tripartitus | F7: non-native | G7: 0 | H7: 0
A8: La Jolla Heights | B8: INVERTEBRATES | C8: Spiders | D8: Ground spider | E8: Drassyllus insularis | F8: native | G8: 0 | H8: 0
A9: La Jolla Heights | B9: INVERTEBRATES | C9: Beetles | D9: Little Bear | E9: Paracotalpa ursina | F9: unsure | G9: 0 | H9: 0
B10: REPTILES & AMPHIBIANS | D10: * denotes iNat observation only
A11: La Jolla Heights | B11: REPTILES & AMPHIBIANS | C11: Salamanders | D11: Garden Slender Salamander | E11: Batrachoseps major | F11: native | G11: 0 | H11: 0
A12: La Jolla Heights | B12: REPTILES & AMPHIBIANS | C12: Lizards | D12: Southern Alligator Lizard | E12: Elgaria multicarinata | F12: native | G12: 0 | H12: 0
A13: La Jolla Heights | B13: REPTILES & AMPHIBIANS | C13: Lizards | D13: Western Skink | E13: Plestiodon skiltonianus | F13: native | G13: 0 | H13: CDFW: Species of Special Concern (Watch List)
A14: La Jolla Heights | B14: REPTILES & AMPHIBIANS | C14: Lizards | D14: Western Fence Lizard | E14: Sceloporus occidentalis | F14: native | G14: 0 | H14: 0
B15: BIRDS
A16: La Jolla Heights | B16: BIRDS | C16: Hawks & Eagles | D16: Cooper's Hawk | E16: Accipiter cooperii | F16: native | G16: 0 | H16: CDFW: Watch List
A17: La Jolla Heights | B17: BIRDS | C17: Hawks & Eagles | D17: Red-shouldered Hawk | E17: Buteo lineatus | F17: native | G17: 0 | H17: 0
A18: La Jolla Heights | B18: BIRDS | C18: Gulls & Terns | D18: Western Gull | E18: Larus occidentalis | F18: native | G18: 0 | H18: 0
A19: La Jolla Heights | B19: BIRDS | C19: Pigeons & Doves | D19: Mourning Dove | E19: Zenaida macroura | F19: native | G19: 0 | H19: 0
A20: La Jolla Heights | B20: BIRDS | C20: Parrot | D20: Red-masked Parakeet | E20: Aratinga erythrogenys | F20: non-native | G20: 0 | H20: 0
A21: La Jolla Heights | B21: BIRDS | C21: Hummingbirds | D21: Anna's Hummingbird | E21: Calypte anna | F21: native | G21: 0 | H21: 0
A22: La Jolla Heights | B22: BIRDS | C22: Hummingbirds | D22: Allen's Hummingbird | E22: Selasphorus sasin | F22: native | G22: 0 | H22: 0
A23: La Jolla Heights | B23: BIRDS | C23: Woodpeckers | D23: Nuttall's Woodpecker | E23: Dryobates nuttallii | F23: native | G23: 0 | H23: 0
A24: La Jolla Heights | B24: BIRDS | C24: Tyrant Flycatchers | D24: Western Flycatcher | E24: Empidonax difficilis | F24: native | G24: 0 | H24: 0
A25: La Jolla Heights | B25: BIRDS | C25: Tyrant Flycatchers | D25: Black Phoebe | E25: Sayornis nigricans | F25: native | G25: 0 | H25: 0
A26: La Jolla Heights | B26: BIRDS | C26: Tyrant Flycatchers | D26: Cassin's Kingbird | E26: Tyrannus vociferans | F26: native | G26: 0 | H26: 0
A27: La Jolla Heights | B27: BIRDS | C27: Crows & Jays | D27: California Scrub Jay | E27: Aphelocoma californica | F27: native | G27: 0 | H27: 0
A28: La Jolla Heights | B28: BIRDS | C28: Crows & Jays | D28: American Crow | E28: Corvus brachyrhynchos | F28: native | G28: 0 | H28: 0
... A50: La Jolla Heights | B50: BIRDS | C50: New World Blackbirds & Orioles | D50: Hooded Oriole | E50: Icterus cucullatus | F50: native | G50: 0 | H50: 0
B51: MAMMALS
A52: La Jolla Heights | B52: MAMMALS | C52: Rodents | D52: Big-eared Woodrat | E52: Neotoma macrotis | F52: native | G52: 0 | H52: 0
A53: La Jolla Heights | B53: MAMMALS | C53: Rodents | D53: California Mouse | E53: Peromyscus californicus | F53: native | G53: 0 | H53: 0
A54: La Jolla Heights | B54: MAMMALS | C54: Rodents | D54: North American Deer Mouse | E54: Peromyscus maniculatus | F54: native | G54: 0 | H54: 0
A55: La Jolla Heights | B55: MAMMALS | C55: Rodents | D55: Western Harvest Mouse | E55: Reithrodontomys megalotis | F55: native | G55: 0 | H55: 0
A56: La Jolla Heights | B56: MAMMALS | C56: Carnivores | D56: Coyote | E56: Canis latrans | F56: native | G56: 0 | H56: 0
A57: La Jolla Heights | B57: MAMMALS | C57: Carnivores | D57: Bobcat | E57: Lynx rufus | F57: native | G57: 0 | H57: 0
A58: La Jolla Heights | B58: MAMMALS | C58: Carnivores | D58: Striped Skunk | E58: Mephitis mephitis | F58: native | G58: 0 | H58: 0
A59: La Jolla Heights | B59: MAMMALS | C59: Bats | D59: Mexican Free-tailed Bat | E59: Tadarida brasiliensis | F59: native | G59: 0 | H59: 0
A60: La Jolla Heights | B60: MAMMALS | C60: Bats | D60: Western Red Bat | E60: Lasiurus frantzii | F60: native | G60: 0 | H60: CDFW: Species of Special Concern
A61: La Jolla Heights | B61: MAMMALS | C61: Bats | D61: Yuma Myotis | E61: Myotis yumanensis | F61: native | G61: 0 | H61: 0
A62: La Jolla Heights | B62: MAMMALS | C62: Bats | D62: Hoary Bat | E62: Lasiurus cinereus | F62: native | G62: 0 | H62: 0
A63: La Jolla Heights | B63: MAMMALS | C63: Bats | D63: Big Brown Bat | E63: Eptesicus fuscus | F63: native | G63: 0 | H63: 0

Sheet Los Penasquitos_DelMarMesa
A1: Canyon | B1: Group | C1: Category | D1: Common Name | E1: Scientific Name | F1: Status | G1: Federal Listing Status | H1: State Listing Status | I1: iNat observation only | J1: Notes
B2: INVERTEBRATES
A3: Los Peñasquitos/Del Mar Mesa | B3: INVERTEBRATES | C3: =_xlfn.XLOOKUP(E3,KEY!C:C,KEY!A:A,FALSE) -> Ants, Bees, Wasps | D3: Argentine Ant | E3: Linepithema humile | F3: non-native | G3: 0 | H3: 0
A4: Los Peñasquitos/Del Mar Mesa | B4: INVERTEBRATES | C4: =_xlfn.XLOOKUP(E4,KEY!C:C,KEY!A:A,FALSE) -> Spiders | D4: Ghost spider | E4: Lupettiana mordax | F4: native | G4: 0 | H4: 0
A5: Los Peñasquitos/Del Mar Mesa | B5: INVERTEBRATES | C5: =_xlfn.XLOOKUP(E5,KEY!C:C,KEY!A:A,FALSE) -> Ants, Bees, Wasps | D5: European honey bee | E5: Apis mellifera | F5: non-native | G5: 0 | H5: 0
A6: Los Peñasquitos/Del Mar Mesa | B6: INVERTEBRATES | C6: =_xlfn.XLOOKUP(E6,KEY!C:C,KEY!A:A,FALSE) -> Spiders | D6: Ground spider | E6: Zelotes gynethus | F6: native | G6: 0 | H6: 0
A7: Los Peñasquitos/Del Mar Mesa | B7: INVERTEBRATES | C7: =_xlfn.XLOOKUP(E7,KEY!C:C,KEY!A:A,FALSE) -> Beetles | D7: Dentate Stink Beetle | E7: Eleodes dentipes | F7: native | G7: 0 | H7: 0
A8: Los Peñasquitos/Del Mar Mesa | B8: INVERTEBRATES | C8: =_xlfn.XLOOKUP(E8,KEY!C:C,KEY!A:A,FALSE) -> Spiders | D8: Ground spider | E8: Drassyllus insularis | F8: native | G8: 0 | H8: 0
A9: Los Peñasquitos/Del Mar Mesa | B9: INVERTEBRATES | C9: =_xlfn.XLOOKUP(E9,KEY!C:C,KEY!A:A,FALSE) -> Spiders | D9: Crab spider | E9: Xysticus californicus | F9: native | G9: 0 | H9: 0
A10: Los Peñasquitos/Del Mar Mesa | B10: INVERTEBRATES | C10: =_xlfn.XLOOKUP(E10,KEY!C:C,KEY!A:A,FALSE) -> Spiders | D10: Wall spider | E10: Oecobius navus | F10: non-native | G10: 0 | H10: 0
A11: Los Peñasquitos/Del Mar Mesa | B11: INVERTEBRATES | C11: =_xlfn.XLOOKUP(E11,KEY!C:C,KEY!A:A,FALSE) -> Spiders | D11: Red-backed jumping spider | E11: Phidippus johnsoni | F11: native | G11: 0 | H11: 0
A12: Los Peñasquitos/Del Mar Mesa | B12: INVERTEBRATES | C12: =_xlfn.XLOOKUP(E12,KEY!C:C,KEY!A:A,FALSE) -> Beetles | D12: Soft-winged Flower Beetle | E12: Eschatocrepis constrictus | F12: unsure | G12: 0 | H12: 0
A13: Los Peñasquitos/Del Mar Mesa | B13: INVERTEBRATES | C13: =_xlfn.XLOOKUP(E13,KEY!C:C,KEY!A:A,FALSE) -> Spiders | D13: Sheet weaver spider | E13: "Agyneta" #2 | F13: native | G13: 0 | H13: 0
A14: Los Peñasquitos/Del Mar Mesa | B14: INVERTEBRATES | C14: =_xlfn.XLOOKUP(E14,KEY!C:C,KEY!A:A,FALSE) -> Spiders | D14: Prowling spider | E14: Syspira tigrina | F14: native | G14: 0 | H14: 0
A15: Los Peñasquitos/Del Mar Mesa | B15: INVERTEBRATES | C15: =_xlfn.XLOOKUP(E15,KEY!C:C,KEY!A:A,FALSE) -> Spiders | D15: Ant mimic spider | E15: Castianeira thalia | F15: native | G15: 0 | H15: 0
A16: * denotes iNat observation only | B16: REPTILES & AMPHIBIANS
A17: Los Peñasquitos/Del Mar Mesa | B17: REPTILES & AMPHIBIANS | C17: =_xlfn.XLOOKUP(E17,KEY!C:C,KEY!A:A,FALSE) -> Frogs | D17: Western Toad | E17: Anaxyrus boreas | F17: native | G17: 0 | H17: 0
A18: Los Peñasquitos/Del Mar Mesa | B18: REPTILES & AMPHIBIANS | C18: =_xlfn.XLOOKUP(E18,KEY!C:C,KEY!A:A,FALSE) -> Salamanders | D18: Arboreal Salamander | E18: Aneides lugubris | F18: native | G18: 0 | H18: 0 | I18: *
A19: Los Peñasquitos/Del Mar Mesa | B19: REPTILES & AMPHIBIANS | C19: =_xlfn.XLOOKUP(E19,KEY!C:C,KEY!A:A,FALSE) -> Lizards | D19: Orange-throated Whiptail | E19: Aspidoscelis hyperythrus | F19: native | G19: 0 | H19: CDFW: Species of Special Concern (Watch List)
A20: Los Peñasquitos/Del Mar Mesa | B20: REPTILES & AMPHIBIANS | C20: Lizards | D20: Tiger Whiptail | E20: Aspidoscelis tigris | F20: native | G20: 0 | H20: CDFW: Species of Special Concern
A21: Los Peñasquitos/Del Mar Mesa | B21: REPTILES & AMPHIBIANS | C21: =_xlfn.XLOOKUP(E21,KEY!C:C,KEY!A:A,FALSE) -> Salamanders | D21: Garden Slender Salamander | E21: Batrachoseps major | F21: native | G21: 0 | H21: 0 | I21: *
A22: Los Peñasquitos/Del Mar Mesa | B22: REPTILES & AMPHIBIANS | C22: =_xlfn.XLOOKUP(E22,KEY!C:C,KEY!A:A,FALSE) -> Snakes | D22: North American Racer | E22: Coluber constrictor | F22: native | G22: 0 | H22: 0
A23: Los Peñasquitos/Del Mar Mesa | B23: REPTILES & AMPHIBIANS | C23: =_xlfn.XLOOKUP(E23,KEY!C:C,KEY!A:A,FALSE) -> Snakes | D23: Western Rattlesnake | E23: Crotalus oreganus | F23: native | G23: 0 | H23: 0
A24: Los Peñasquitos/Del Mar Mesa | B24: REPTILES & AMPHIBIANS | C24: Snakes | D24: Red Diamond Rattlesnake | E24: Crotalus ruber | F24: native | G24: 0 | H24: CDFW: Species of Special Concern | I24: *
A25: Los Peñasquitos/Del Mar Mesa | B25: REPTILES & AMPHIBIANS | C25: =_xlfn.XLOOKUP(E25,KEY!C:C,KEY!A:A,FALSE) -> Lizards | D25: Southern Alligator Lizard | E25: Elgaria multicarinata | F25: native | G25: 0 | H25: 0
A26: Los Peñasquitos/Del Mar Mesa | B26: REPTILES & AMPHIBIANS | C26: Snakes | D26: Coast Night Snake | E26: Hypsiglena ochrorhyncha | F26: native | G26: 0 | H26: 0 | I26: *
A27: Los Peñasquitos/Del Mar Mesa | B27: REPTILES & AMPHIBIANS | C27: Snakes | D27: California Kingsnake | E27: Lampropeltis californiae | F27: native | G27: 0 | H27: 0 | I27: *
A28: Los Peñasquitos/Del Mar Mesa | B28: REPTILES & AMPHIBIANS | C28: =_xlfn.XLOOKUP(E28,KEY!C:C,KEY!A:A,FALSE) -> Frogs | D28: American Bullfrog | E28: Lithobates catesbeianus | F28: non-native | G28: 0 | H28: 0 | I28: *
A29: Los Peñasquitos/Del Mar Mesa | B29: REPTILES & AMPHIBIANS | C29: Snakes | D29: Gophersnake | E29: Pituophis catenifer | F29: native | G29: 0 | H29: 0 | I29: *
A30: Los Peñasquitos/Del Mar Mesa | B30: REPTILES & AMPHIBIANS | C30: Snakes | D30: Striped Racer | E30: Masticophis lateralis | F30: native | G30: 0 | H30: 0 | I30: *
A31: Los Peñasquitos/Del Mar Mesa | B31: REPTILES & AMPHIBIANS | C31: =_xlfn.XLOOKUP(E31,KEY!C:C,KEY!A:A,FALSE) -> Lizards | D31: Western Skink | E31: Plestiodon skiltonianus | F31: native | G31: 0 | H31: CDFW: Species of Special Concern (Watch List)
A32: Los Peñasquitos/Del Mar Mesa | B32: REPTILES & AMPHIBIANS | C32: =_xlfn.XLOOKUP(E32,KEY!C:C,KEY!A:A,FALSE) -> Frogs | D32: Pacific Treefrog | E32: Pseudacris regilla | F32: native | G32: 0 | H32: 0
A33: Los Peñasquitos/Del Mar Mesa | B33: REPTILES & AMPHIBIANS | C33: =_xlfn.XLOOKUP(E33,KEY!C:C,KEY!A:A,FALSE) -> Lizards | D33: Blainville's Horned Lizard | E33: Phrynosoma blainvillii | F33: native | G33: 0 | H33: CDFW: Species of Special Concern | I33: *
A34: Los Peñasquitos/Del Mar Mesa | B34: REPTILES & AMPHIBIANS | C34: =_xlfn.XLOOKUP(E34,KEY!C:C,KEY!A:A,FALSE) -> Lizards | D34: Western Fence Lizard | E34: Sceloporus occidentalis | F34: native | G34: 0 | H34: 0
A35: Los Peñasquitos/Del Mar Mesa | B35: REPTILES & AMPHIBIANS | C35: Frogs | D35: Western Spadefoot | E35: Spea hammondii | F35: native | G35: 0 | H35: CDFW: Species of Special Concern | I35: * | J35: coordinates obscurred
A36: Los Peñasquitos/Del Mar Mesa | B36: REPTILES & AMPHIBIANS | C36: =_xlfn.XLOOKUP(E36,KEY!C:C,KEY!A:A,FALSE) -> Snakes | D36: Two-striped Gartersnake | E36: Thamnophis hammondii | F36: native | G36: 0 | H36: CDFW: Species of Special Concern | I36: *
A37: Los Peñasquitos/Del Mar Mesa | B37: REPTILES & AMPHIBIANS | C37: Turtles | D37: Slider | E37: Trachemys scripta | F37: non-native | G37: 0 | H37: 0
A38: Los Peñasquitos/Del Mar Mesa | B38: REPTILES & AMPHIBIANS | C38: =_xlfn.XLOOKUP(E38,KEY!C:C,KEY!A:A,FALSE) -> Frogs | D38: African Clawed Frog | E38: Xenopus laevis | F38: non-native | G38: 0 | H38: 0 | I38: *
B39: BIRDS
A40: Los Peñasquitos/Del Mar Mesa | B40: BIRDS | C40: =_xlfn.XLOOKUP(E40,KEY!C:C,KEY!A:A,FALSE) -> Hawks & Eagles | D40: Cooper's Hawk | E40: Accipiter cooperii | F40: native | G40: 0 | H40: CDFW: Watch List
A41: Los Peñasquitos/Del Mar Mesa | B41: BIRDS | C41: =_xlfn.XLOOKUP(E41,KEY!C:C,KEY!A:A,FALSE) -> Hawks & Eagles | D41: Red-shouldered Hawk | E41: Buteo lineatus | F41: native | G41: 0 | H41: 0
A42: Los Peñasquitos/Del Mar Mesa | B42: BIRDS | C42: =_xlfn.XLOOKUP(E42,KEY!C:C,KEY!A:A,FALSE) -> Hawks & Eagles | D42: Red-tailed Hawk | E42: Buteo jamaicensis | F42: native | G42: 0 | H42: 0
A43: Los Peñasquitos/Del Mar Mesa | B43: BIRDS | C43: =_xlfn.XLOOKUP(E43,KEY!C:C,KEY!A:A,FALSE) -> Quails | D43: California Quail | E43: Callipepla californica | F43: native | G43: 0 | H43: 0
A44: Los Peñasquitos/Del Mar Mesa | B44: BIRDS | C44: =_xlfn.XLOOKUP(E44,KEY!C:C,KEY!A:A,FALSE) -> Pigeons & Doves | D44: Mourning Dove | E44: Zenaida macroura | F44: native | G44: 0 | H44: 0
A45: Los Peñasquitos/Del Mar Mesa | B45: BIRDS | C45: =_xlfn.XLOOKUP(E45,KEY!C:C,KEY!A:A,FALSE) -> Swifts | D45: White-throated Swift | E45: Aeronautes saxatalis | F45: native | G45: 0 | H45: 0
A46: Los Peñasquitos/Del Mar Mesa | B46: BIRDS | C46: =_xlfn.XLOOKUP(E46,KEY!C:C,KEY!A:A,FALSE) -> Hummingbirds | D46: Anna's Hummingbird | E46: Calypte anna | F46: native | G46: 0 | H46: 0
A47: Los Peñasquitos/Del Mar Mesa | B47: BIRDS | C47: =_xlfn.XLOOKUP(E47,KEY!C:C,KEY!A:A,FALSE) -> Hummingbirds | D47: Allen's Hummingbird | E47: Selasphorus sasin | F47: native | G47: 0 | H47: 0
A48: Los Peñasquitos/Del Mar Mesa | B48: BIRDS | C48: =_xlfn.XLOOKUP(E48,KEY!C:C,KEY!A:A,FALSE) -> Woodpeckers | D48: Acorn Woodpecker | E48: Melanerpes formicivorus | F48: native | G48: 0 | H48: 0
A49: Los Peñasquitos/Del Mar Mesa | B49: BIRDS | C49: =_xlfn.XLOOKUP(E49,KEY!C:C,KEY!A:A,FALSE) -> Woodpeckers | D49: Nuttall's Woodpecker | E49: Dryobates nuttallii | F49: native | G49: 0 | H49: 0
A50: Los Peñasquitos/Del Mar Mesa | B50: BIRDS | C50: =_xlfn.XLOOKUP(E50,KEY!C:C,KEY!A:A,FALSE) -> Woodpeckers | D50: Northern Flicker | E50: Colaptes auratus | F50: native | G50: 0 | H50: 0
A51: Los Peñasquitos/Del Mar Mesa | B51: BIRDS | C51: =_xlfn.XLOOKUP(E51,KEY!C:C,KEY!A:A,FALSE) -> Tyrant Flycatchers | D51: Say's Phoebe | E51: Sayornis saya | F51: native | G51: 0 | H51: 0
A52: Los Peñasquitos/Del Mar Mesa | B52: BIRDS | C52: =_xlfn.XLOOKUP(E52,KEY!C:C,KEY!A:A,FALSE) -> Tyrant Flycatchers | D52: Black Phoebe | E52: Sayornis nigricans | F52: native | G52: 0 | H52: 0
... A66: Los Peñasquitos/Del Mar Mesa | B66: BIRDS | C66: =_xlfn.XLOOKUP(E66,KEY!C:C,KEY!A:A,FALSE) -> Gnatcatchers | D66: Blue-gray Gnatcatcher | E66: Polioptila caerulea | F66: native | G66: 0 | H66: 0
A67: Los Peñasquitos/Del Mar Mesa | B67: BIRDS | C67: =_xlfn.XLOOKUP(E67,KEY!C:C,KEY!A:A,FALSE) -> Gnatcatchers | D67: California Gnatcatcher | E67: Polioptila californica californica | F67: native | G67: Federally Threatened | H67: CDFW: Species of Special Concern
A68: Los Peñasquitos/Del Mar Mesa | B68: BIRDS | C68: =_xlfn.XLOOKUP(E68,KEY!C:C,KEY!A:A,FALSE) -> Titmice & Chickadees | D68: Oak Titmouse | E68: Baeolophus inornatus | F68: native | G68: 0 | H68: 0
A69: Los Peñasquitos/Del Mar Mesa | B69: BIRDS | C69: =_xlfn.XLOOKUP(E69,KEY!C:C,KEY!A:A,FALSE) -> Bushtits | D69: Bushtit | E69: Psaltriparus minimus | F69: native | G69: 0 | H69: 0
A70: Los Peñasquitos/Del Mar Mesa | B70: BIRDS | C70: =_xlfn.XLOOKUP(E70,KEY!C:C,KEY!A:A,FALSE) -> Swallows | D70: Cliff Swallow | E70: Petrochelidon pyrrhonota | F70: native | G70: 0 | H70: 0
A71: Los Peñasquitos/Del Mar Mesa | B71: BIRDS | C71: =_xlfn.XLOOKUP(E71,KEY!C:C,KEY!A:A,FALSE) -> Kinglets | D71: Ruby-crowned Kinglet | E71: Regulus calendula | F71: native | G71: 0 | H71: 0
A72: Los Peñasquitos/Del Mar Mesa | B72: BIRDS | C72: =_xlfn.XLOOKUP(E72,KEY!C:C,KEY!A:A,FALSE) -> Babblers & Wrentit | D72: Wrentit | E72: Chamaea fasciata | F72: native | G72: 0 | H72: 0
A73: Los Peñasquitos/Del Mar Mesa | B73: BIRDS | C73: =_xlfn.XLOOKUP(E73,KEY!C:C,KEY!A:A,FALSE) -> Waxbills & Munias | D73: Scaly-breasted Munia | E73: Lonchura punctulata | F73: non-native | G73: 0 | H73: 0
A74: Los Peñasquitos/Del Mar Mesa | B74: BIRDS | C74: =_xlfn.XLOOKUP(E74,KEY!C:C,KEY!A:A,FALSE) -> Finches | D74: Lesser Goldfinch | E74: Spinus psaltria | F74: native | G74: 0 | H74: 0
A75: Los Peñasquitos/Del Mar Mesa | B75: BIRDS | C75: =_xlfn.XLOOKUP(E75,KEY!C:C,KEY!A:A,FALSE) -> Finches | D75: House Finch | E75: Haemorhous mexicanus | F75: native | G75: 0 | H75: 0
A76: Los Peñasquitos/Del Mar Mesa | B76: BIRDS | C76: =_xlfn.XLOOKUP(E76,KEY!C:C,KEY!A:A,FALSE) -> New World Sparrows | D76: Fox Sparrow | E76: Passerella iliaca | F76: native | G76: 0 | H76: 0
A77: Los Peñasquitos/Del Mar Mesa | B77: BIRDS | C77: =_xlfn.XLOOKUP(E77,KEY!C:C,KEY!A:A,FALSE) -> New World Sparrows | D77: Song Sparrow | E77: Melospiza melodia | F77: native | G77: 0 | H77: 0
A78: Los Peñasquitos/Del Mar Mesa | B78: BIRDS | C78: =_xlfn.XLOOKUP(E78,KEY!C:C,KEY!A:A,FALSE) -> New World Sparrows | D78: White-crowned Sparrow | E78: Zonotrichia leucophrys | F78: native | G78: 0 | H78: 0
A79: Los Peñasquitos/Del Mar Mesa | B79: BIRDS | C79: =_xlfn.XLOOKUP(E79,KEY!C:C,KEY!A:A,FALSE) -> New World Sparrows | D79: Savannah Sparrow | E79: Passerculus sandwichensis | F79: native | G79: 0 | H79: 0
A80: Los Peñasquitos/Del Mar Mesa | B80: BIRDS | C80: =_xlfn.XLOOKUP(E80,KEY!C:C,KEY!A:A,FALSE) -> New World Sparrows | D80: Rufous-crowned Sparrow | E80: Aimophila ruficeps | F80: native | G80: 0 | H80: CDFW: Watch List
A81: Los Peñasquitos/Del Mar Mesa | B81: BIRDS | C81: =_xlfn.XLOOKUP(E81,KEY!C:C,KEY!A:A,FALSE) -> New World Sparrows | D81: Spotted Towhee | E81: Pipilo maculatus | F81: native | G81: 0 | H81: 0
A82: Los Peñasquitos/Del Mar Mesa | B82: BIRDS | C82: =_xlfn.XLOOKUP(E82,KEY!C:C,KEY!A:A,FALSE) -> New World Sparrows | D82: California Towhee | E82: Melozone crissalis | F82: native | G82: 0 | H82: 0
A83: Los Peñasquitos/Del Mar Mesa | B83: BIRDS | C83: =_xlfn.XLOOKUP(E83,KEY!C:C,KEY!A:A,FALSE) -> Wood Warblers | D83: Orange-crowned Warbler | E83: Leiothlypis celata | F83: native | G83: 0 | H83: 0
A84: Los Peñasquitos/Del Mar Mesa | B84: BIRDS | C84: =_xlfn.XLOOKUP(E84,KEY!C:C,KEY!A:A,FALSE) -> Wood Warblers | D84: Yellow-rumped Warbler | E84: Setophaga coronata | F84: native | G84: 0 | H84: 0
A85: Los Peñasquitos/Del Mar Mesa | B85: BIRDS | C85: =_xlfn.XLOOKUP(E85,KEY!C:C,KEY!A:A,FALSE) -> Cardinals, Grosbeaks, & Buntings | D85: Black-headed Grosbeak | E85: Pheucticus melanocephalus | F85: native | G85: 0 | H85: 0
A86: Los Peñasquitos/Del Mar Mesa | B86: BIRDS | C86: =_xlfn.XLOOKUP(E86,KEY!C:C,KEY!A:A,FALSE) -> New World Blackbirds & Orioles | D86: Hooded Oriole | E86: Icterus cucullatus | F86: native | G86: 0 | H86: 0
A87: Los Peñasquitos/Del Mar Mesa | B87: BIRDS | C87: =_xlfn.XLOOKUP(E87,KEY!C:C,KEY!A:A,FALSE) -> New World Blackbirds & Orioles | D87: Western Meadowlark | E87: Sturnella neglecta | F87: native | G87: 0 | H87: 0
A88: Los Peñasquitos/Del Mar Mesa | B88: BIRDS | C88: =_xlfn.XLOOKUP(E88,KEY!C:C,KEY!A:A,FALSE) -> New World Blackbirds & Orioles | D88: Brown-headed Cowbird | E88: Molothrus ater | F88: native | G88: 0 | H88: 0
A89: Los Peñasquitos/Del Mar Mesa | B89: BIRDS | C89: =_xlfn.XLOOKUP(E89,KEY!C:C,KEY!A:A,FALSE) -> Owls | D89: Common Barn Owl | E89: Tyto Alba | F89: native | G89: 0 | H89: 0 | J89: Camera By-catch
A90: Los Peñasquitos/Del Mar Mesa | B90: BIRDS | C90: =_xlfn.XLOOKUP(E90,KEY!C:C,KEY!A:A,FALSE) -> Owls | D90: Great Horned Owl | E90: Bubo virginianus | F90: native | G90: 0 | H90: 0 | J90: Camera By-catch
A91: Los Peñasquitos/Del Mar Mesa | B91: BIRDS | C91: =_xlfn.XLOOKUP(E91,KEY!C:C,KEY!A:A,FALSE) -> Cuckoos | D91: Greater Roadrunner | E91: Geococcyx californianus | F91: native | G91: 0 | H91: 0 | J91: Camera By-catch
A92: Los Peñasquitos/Del Mar Mesa | B92: BIRDS | C92: =_xlfn.XLOOKUP(E92,KEY!C:C,KEY!A:A,FALSE) -> Nightjars | D92: Common Poorwill | E92: Phalaenoptilus nuttallii | F92: native | G92: 0 | H92: 0 | J92: Camera By-catch
B93: MAMMALS
A94: Los Peñasquitos/Del Mar Mesa | B94: MAMMALS | C94: =_xlfn.XLOOKUP(E94,KEY!C:C,KEY!A:A,FALSE) -> Rodents | D94: San Diego Pocket Mouse | E94: Chaetodipus fallax fallax | F94: native | G94: 0 | H94: 0
A95: Los Peñasquitos/Del Mar Mesa | B95: MAMMALS | C95: =_xlfn.XLOOKUP(E95,KEY!C:C,KEY!A:A,FALSE) -> Rodents | D95: Big-eared Woodrat | E95: Neotoma macrotis | F95: native | G95: 0 | H95: 0
A96: Los Peñasquitos/Del Mar Mesa | B96: MAMMALS | C96: =_xlfn.XLOOKUP(E96,KEY!C:C,KEY!A:A,FALSE) -> Rodents | D96: California Mouse | E96: Peromyscus californicus | F96: native | G96: 0 | H96: 0
A97: Los Peñasquitos/Del Mar Mesa | B97: MAMMALS | C97: =_xlfn.XLOOKUP(E97,KEY!C:C,KEY!A:A,FALSE) -> Rodents | D97: Cactus Mouse | E97: Peromyscus eremicus | F97: native | G97: 0 | H97: 0
A98: Los Peñasquitos/Del Mar Mesa | B98: MAMMALS | C98: =_xlfn.XLOOKUP(E98,KEY!C:C,KEY!A:A,FALSE) -> Rodents | D98: North American Deer Mouse | E98: Peromyscus maniculatus | F98: native | G98: 0 | H98: 0
A99: Los Peñasquitos/Del Mar Mesa | B99: MAMMALS | C99: =_xlfn.XLOOKUP(E99,KEY!C:C,KEY!A:A,FALSE) -> Rodents | D99: Western Harvest Mouse | E99: Reithrodontomys megalotis | F99: native | G99: 0 | H99: 0
A100: Los Peñasquitos/Del Mar Mesa | B100: MAMMALS | C100: =_xlfn.XLOOKUP(E100,KEY!C:C,KEY!A:A,FALSE) -> Carnivores | D100: Bobcat | E100: Lynx rufus | F100: native | G100: 0 | H100: 0
A101: Los Peñasquitos/Del Mar Mesa | B101: MAMMALS | C101: =_xlfn.XLOOKUP(E101,KEY!C:C,KEY!A:A,FALSE) -> Rabbits & Hares | D101: Brush Rabbit | E101: Sylvilagus bachmani | F101: native | G101: 0 | H101: 0
A102: Los Peñasquitos/Del Mar Mesa | B102: MAMMALS | C102: =_xlfn.XLOOKUP(E102,KEY!C:C,KEY!A:A,FALSE) -> Rodents | D102: California Ground Squirrel | E102: Otospermophilus beecheyi | F102: native | G102: 0 | H102: 0
A103: Los Peñasquitos/Del Mar Mesa | B103: MAMMALS | C103: =_xlfn.XLOOKUP(E103,KEY!C:C,KEY!A:A,FALSE) -> Carnivores | D103: Coyote | E103: Canis latrans | F103: native | G103: 0 | H103: 0
A104: Los Peñasquitos/Del Mar Mesa | B104: MAMMALS | C104: =_xlfn.XLOOKUP(E104,KEY!C:C,KEY!A:A,FALSE) -> Rabbits & Hares | D104: Desert Cottontail | E104: Sylvilagus audubonii | F104: native | G104: 0 | H104: 0
A105: Los Peñasquitos/Del Mar Mesa | B105: MAMMALS | C105: =_xlfn.XLOOKUP(E105,KEY!C:C,KEY!A:A,FALSE) -> Rodents | D105: Dulzura Kangaroo Rat | E105: Dipodomys simulans | F105: native | G105: 0 | H105: 0
... A108: Los Peñasquitos/Del Mar Mesa | B108: MAMMALS | C108: =_xlfn.XLOOKUP(E108,KEY!C:C,KEY!A:A,FALSE) -> Bats | D108: Mexican Free-tailed Bat | E108: Tadarida brasiliensis | F108: native | G108: 0 | H108: 0
A109: Los Peñasquitos/Del Mar Mesa | B109: MAMMALS | C109: =_xlfn.XLOOKUP(E109,KEY!C:C,KEY!A:A,FALSE) -> Bats | D109: Western Red Bat | E109: Lasiurus frantzii | F109: native | G109: 0 | H109: CDFW: Species of Special Concern
A110: Los Peñasquitos/Del Mar Mesa | B110: MAMMALS | C110: =_xlfn.XLOOKUP(E110,KEY!C:C,KEY!A:A,FALSE) -> Bats | D110: Canyon Bat | E110: Parastrellus hesperus | F110: native | G110: 0 | H110: 0
A111: Los Peñasquitos/Del Mar Mesa | B111: MAMMALS | C111: =_xlfn.XLOOKUP(E111,KEY!C:C,KEY!A:A,FALSE) -> Bats | D111: California Myotis | E111: Myotis californicus | F111: native | G111: 0 | H111: 0

Sheet Manzanita
A1: NO DATA FOR MANZANITA

Sheet MissionHills
A1: Canyon | B1: Group | C1: Category | D1: Common Name | E1: Scientific Name | F1: Status | G1: Federal Listing Status | H1: State Listing Status | I1: iNat observation only
B2: INVERTEBRATES
A3: Misson Hills/Washington | B3: INVERTEBRATES | C3: Spiders | D3: Ground spider | E3: Zelotes gynethus | F3: native | G3: 0 | H3: 0
A4: Misson Hills/Washington | B4: INVERTEBRATES | C4: Ants, Bees, Wasps | D4: Argentine Ant | E4: Linepithema humile | F4: non-native | G4: 0 | H4: 0
A5: Misson Hills/Washington | B5: INVERTEBRATES | C5: Spiders | D5: Woodlouse spider | E5: Dysdera crocata | F5: non-native | G5: 0 | H5: 0
A6: Misson Hills/Washington | B6: INVERTEBRATES | C6: Ants, Bees, Wasps | D6: European honey bee | E6: Apis mellifera | F6: non-native | G6: 0 | H6: 0
A7: Misson Hills/Washington | B7: INVERTEBRATES | C7: Spiders | D7: Goblin spider | E7: Opopaea concolor | F7: non-native | G7: 0 | H7: 0
A8: Misson Hills/Washington | B8: INVERTEBRATES | C8: Spiders | D8: Ground sac spider | E8: Meriola californica | F8: native | G8: 0 | H8: 0
A9: Misson Hills/Washington | B9: INVERTEBRATES | C9: Spiders | D9: Wolf spider | E9: Alopecosa kochii | F9: native | G9: 0 | H9: 0
A10: Misson Hills/Washington | B10: INVERTEBRATES | C10: Spiders | D10: Wall spider | E10: Oecobius navus | F10: non-native | G10: 0 | H10: 0
A11: Misson Hills/Washington | B11: INVERTEBRATES | C11: Spiders | D11: Wolf spider | E11: Pardosa californica | F11: native | G11: 0 | H11: 0
A12: Misson Hills/Washington | B12: INVERTEBRATES | C12: Spiders | D12: Mesh web weavers | E12: Yorima angelica | F12: native | G12: 0 | H12: 0
A13: Misson Hills/Washington | B13: INVERTEBRATES | C13: Spiders | D13: Ground spider | E13: Drassyllus insularis | F13: native | G13: 0 | H13: 0
B14: RETILES & AMPHIBIANS | D14: * denotes iNat observation only
A15: Misson Hills/Washington | B15: RETILES & AMPHIBIANS | C15: Snakes | D15: Western Rattlesnake | E15: Crotalus oreganus | F15: native | G15: 0 | H15: 0 | I15: *
A16: Misson Hills/Washington | B16: RETILES & AMPHIBIANS | C16: Snakes | D16: Striped Racer | E16: Masticophis lateralis | F16: native | G16: 0 | H16: 0
A17: Misson Hills/Washington | B17: RETILES & AMPHIBIANS | C17: Lizards | D17: Southern Alligator Lizard | E17: Elgaria multicarinata | F17: native | G17: 0 | H17: 0
A18: Misson Hills/Washington | B18: RETILES & AMPHIBIANS | C18: Lizards | D18: Western Skink | E18: Plestiodon skiltonianus | F18: native | G18: 0 | H18: CDFW: Species of Special Concern (Watch List)
A19: Misson Hills/Washington | B19: RETILES & AMPHIBIANS | C19: Lizards | D19: Western Fence Lizard | E19: Sceloporus occidentalis | F19: native | G19: 0 | H19: 0
B20: BIRDS
A21: Misson Hills/Washington | B21: BIRDS | C21: Herons & Bitterns | D21: Great Blue Heron | E21: Ardea herodias | F21: native | G21: 0 | H21: CDF: S
A22: Misson Hills/Washington | B22: BIRDS | C22: Hawks & Eagles | D22: Cooper's Hawk | E22: Accipiter cooperii | F22: native | G22: 0 | H22: CDFW: Watch List
A23: Misson Hills/Washington | B23: BIRDS | C23: Hawks & Eagles | D23: Red-shouldered Hawk | E23: Buteo lineatus | F23: native | G23: 0 | H23: 0
A24: Misson Hills/Washington | B24: BIRDS | C24: Hawks & Eagles | D24: Red-tailed Hawk | E24: Buteo jamaicensis | F24: native | G24: 0 | H24: 0
A25: Misson Hills/Washington | B25: BIRDS | C25: Falcons | D25: Peregrine Falcon | E25: Falco peregrinus | F25: native | G25: 0 | H25: 0
A26: Misson Hills/Washington | B26: BIRDS | C26: Gulls & Terns | D26: Western Gull | E26: Larus occidentalis | F26: native | G26: 0 | H26: 0
A27: Misson Hills/Washington | B27: BIRDS | C27: Pigeons & Doves | D27: Mourning Dove | E27: Zenaida macroura | F27: native | G27: 0 | H27: 0
A28: Misson Hills/Washington | B28: BIRDS | C28: Parrot | D28: Red-masked Parakeet | E28: Aratinga erythrogenys | F28: non-native | G28: 0 | H28: 0
A29: Misson Hills/Washington | B29: BIRDS | C29: Hummingbirds | D29: Anna's Hummingbird | E29: Calypte anna | F29: native | G29: 0 | H29: 0
A30: Misson Hills/Washington | B30: BIRDS | C30: Hummingbirds | D30: Allen's Hummingbird | E30: Selasphorus sasin | F30: native | G30: 0 | H30: 0
A31: Misson Hills/Washington | B31: BIRDS | C31: Woodpeckers | D31: Nuttall's Woodpecker | E31: Dryobates nuttallii | F31: native | G31: 0 | H31: 0
A32: Misson Hills/Washington | B32: BIRDS | C32: Tyrant Flycatchers | D32: Western Flycatcher | E32: Empidonax difficilis | F32: native | G32: 0 | H32: 0
A33: Misson Hills/Washington | B33: BIRDS | C33: Tyrant Flycatchers | D33: Black Phoebe | E33: Sayornis nigricans | F33: native | G33: 0 | H33: 0
A34: Misson Hills/Washington | B34: BIRDS | C34: Tyrant Flycatchers | D34: Ash-throated Flycatcher | E34: Myiarchus cinerascens | F34: native | G34: 0 | H34: 0
... A63: Misson Hills/Washington | B63: BIRDS | C63: New World Blackbirds & Orioles | D63: Hooded Oriole | E63: Icterus cucullatus | F63: native | G63: 0 | H63: 0
B64: MAMMALS
A65: Misson Hills/Washington | B65: MAMMALS | C65: Rodents | D65: House Mouse | E65: Mus musculus | F65: non-native | G65: 0 | H65: 0
A66: Misson Hills/Washington | B66: MAMMALS | C66: Rodents | D66: Bryant's Woodrat | E66: Neotoma bryanti | F66: native | G66: 0 | H66: CDFW: Species of Special Concern
A67: Misson Hills/Washington | B67: MAMMALS | C67: Rodents | D67: California Ground Squirrel | E67: Otospermophilus beecheyi | F67: native | G67: 0 | H67: 0
A68: Misson Hills/Washington | B68: MAMMALS | C68: Rodents | D68: Cactus Mouse | E68: Peromyscus eremicus | F68: native | G68: 0 | H68: 0
A69: Misson Hills/Washington | B69: MAMMALS | C69: Rodents | D69: Black Rat | E69: Rattus rattus | F69: non-native | G69: 0 | H69: 0
A70: Misson Hills/Washington | B70: MAMMALS | C70: Rodents | D70: Western Harvest Mouse | E70: Reithrodontomys megalotis | F70: native | G70: 0 | H70: 0
A71: Misson Hills/Washington | B71: MAMMALS | C71: Rabbits & Hares | D71: Desert Cottontail | E71: Sylvilagus audubonii | F71: native | G71: 0 | H71: 0
A72: Misson Hills/Washington | B72: MAMMALS | C72: Carnivores | D72: Coyote | E72: Canis latrans | F72: native | G72: 0 | H72: 0
A73: Misson Hills/Washington | B73: MAMMALS | C73: Rodents | D73: California Ground Squirrel | E73: Otospermophilus beecheyi | F73: native | G73: 0 | H73: 0
A74: Misson Hills/Washington | B74: MAMMALS | C74: Carnivores | D74: Raccoon | E74: Procyon lotor | F74: native | G74: 0 | H74: 0
A75: Misson Hills/Washington | B75: MAMMALS | C75: Bats | D75: Mexican Free-tailed Bat | E75: Tadarida brasiliensis | F75: native | G75: 0 | H75: 0
A76: Misson Hills/Washington | B76: MAMMALS | C76: Bats | D76: Western Red Bat | E76: Lasiurus frantzii | F76: native | G76: 0 | H76: CDFW: Species of Special Concern
A77: Misson Hills/Washington | B77: MAMMALS | C77: Bats | D77: Yuma Myotis | E77: Myotis yumanensis | F77: native | G77: 0 | H77: 0

Sheet MissionTrails
A1: Canyon | B1: Group | C1: Category | D1: Common Name | E1: Scientific Name | F1: Status | G1: Federal Listing Status | H1: State Listing Status | I1: iNat observation only
B2: INVERTEBRATES
A3: Mission Trails | B3: INVERTEBRATES | C3: Spiders | D3: Wolf spider | E3: Allocosa subparva | F3: native | G3: 0 | H3: 0
A4: Mission Trails | B4: INVERTEBRATES | C4: Spiders | D4: Ant mimic spider | E4: Castianeira thalia | F4: native | G4: 0 | H4: 0
A5: Mission Trails | B5: INVERTEBRATES | C5: Ants, Bees, Wasps | D5: Argentine Ant | E5: Linepithema humile | F5: non-native | G5: 0 | H5: 0
A6: Mission Trails | B6: INVERTEBRATES | C6: Ants, Bees, Wasps | D6: European honey bee | E6: Apis mellifera | F6: non-native | G6: 0 | H6: 0
A7: Mission Trails | B7: INVERTEBRATES | C7: Spiders | D7: Woodlouse spider | E7: Dysdera crocata | F7: non-native | G7: 0 | H7: 0
A8: Mission Trails | B8: INVERTEBRATES | C8: Beetles | D8: Bark and Ambrosia Beetle | E8: Xyleborinus sp. | F8: unsure | G8: 0 | H8: 0
A9: Mission Trails | B9: INVERTEBRATES | C9: Ants, Bees, Wasps | D9: Black Legionary Ant | E9: Neivamyrmex nigrescens | F9: native | G9: 0 | H9: 0
A10: Mission Trails | B10: INVERTEBRATES | C10: Beetles | D10: Dentate Stink Beetle | E10: Eleodes dentipes | F10: native | G10: 0 | H10: 0
A11: Mission Trails | B11: INVERTEBRATES | C11: Spiders | D11: Crab spider | E11: Xysticus iviei | F11: native | G11: 0 | H11: 0
A12: Mission Trails | B12: INVERTEBRATES | C12: Ants, Bees, Wasps | D12: Digger Bee | E12: Habropoda tristissima | F12: unsure | G12: 0 | H12: 0
A13: Mission Trails | B13: INVERTEBRATES | C13: Beetles | D13: Soft-winged Flower Beetle | E13: Eschatocrepis constrictus | F13: unsure | G13: 0 | H13: 0
A14: Mission Trails | B14: INVERTEBRATES | C14: Spiders | D14: Red-backed jumping spider | E14: Phidippus johnsoni | F14: native | G14: 0 | H14: 0
... A24: Mission Trails | B24: INVERTEBRATES | C24: Ants, Bees, Wasps | D24: Tripartite Sweat Bee | E24: Halictus tripartitus | F24: non-native | G24: 0 | H24: 0
B25: REPTILES & AMPHIBIANS | D25: * denotes iNat observation only
A26: Mission Trails | B26: REPTILES & AMPHIBIANS | C26: Frogs | D26: Western Toad | E26: Anaxyrus boreas | F26: native | G26: 0 | H26: 0 | I26: *
A27: Mission Trails | B27: REPTILES & AMPHIBIANS | C27: Lizards | D27: Orange-throated Whiptail | E27: Aspidoscelis hyperythrus | F27: native | G27: 0 | H27: CDFW: Species of Special Concern (Watch List)
A28: Mission Trails | B28: REPTILES & AMPHIBIANS | C28: Lizards | D28: Tiger Whiptail | E28: Aspidoscelis tigris | F28: native | G28: 0 | H28: CDFW: Species of Special Concern
A29: Mission Trails | B29: REPTILES & AMPHIBIANS | C29: Salamanders | D29: Garden Slender Salamander | E29: Batrachoseps major | F29: native | G29: 0 | H29: 0 | I29: *
A30: Mission Trails | B30: REPTILES & AMPHIBIANS | C30: Snakes | D30: Western Rattlesnake | E30: Crotalus oreganus | F30: native | G30: 0 | H30: 0 | I30: *
A31: Mission Trails | B31: REPTILES & AMPHIBIANS | C31: Snakes | D31: Red Diamond Rattlesnake | E31: Crotalus ruber | F31: native | G31: 0 | H31: CDFW: Species of Special Concern
A32: Mission Trails | B32: REPTILES & AMPHIBIANS | C32: Snakes | D32: North American Racer | E32: Coluber constrictor | F32: native | G32: 0 | H32: 0 | J32: Camera Trap By-catch
A33: Mission Trails | B33: REPTILES & AMPHIBIANS | C33: Snakes | D33: Ring-necked Snake | E33: Diadophis punctatus | F33: native | G33: 0 | H33: 0 | I33: *
A34: Mission Trails | B34: REPTILES & AMPHIBIANS | C34: Lizards | D34: Southern Alligator Lizard | E34: Elgaria multicarinata | F34: native | G34: 0 | H34: 0 | I34: *
A35: Mission Trails | B35: REPTILES & AMPHIBIANS | C35: Snakes | D35: California Kingsnake | E35: Lampropeltis californiae | F35: native | G35: 0 | H35: 0
A36: Mission Trails | B36: REPTILES & AMPHIBIANS | C36: Snakes | D36: Rosy Boa | E36: Lichanura orcutti | F36: native | G36: 0 | H36: 0
A37: Mission Trails | B37: REPTILES & AMPHIBIANS | C37: Frogs | D37: American Bullfrog | E37: Lithobates catesbeianus | F37: non-native | G37: 0 | H37: 0 | I37: *
A38: Mission Trails | B38: REPTILES & AMPHIBIANS | C38: Snakes | D38: Coast Night Snake | E38: Hypsiglena ochrorhyncha | F38: native | G38: 0 | H38: 0 | I38: *
A39: Mission Trails | B39: REPTILES & AMPHIBIANS | C39: Lizards | D39: Western Skink | E39: Plestiodon skiltonianus | F39: native | G39: 0 | H39: CDFW: Species of Special Concern (Watch List) | I39: *
A40: Mission Trails | B40: REPTILES & AMPHIBIANS | C40: Frogs | D40: Pacific Treefrog | E40: Pseudacris regilla | F40: native | G40: 0 | H40: 0
A41: Mission Trails | B41: REPTILES & AMPHIBIANS | C41: Snakes | D41: Gophersnake | E41: Pituophis catenifer | F41: native | G41: 0 | H41: 0 | I41: *
A42: Mission Trails | B42: REPTILES & AMPHIBIANS | C42: Snakes | D42: Long-nosed Snake | E42: Rhinocheilus lecontei | F42: native | G42: 0 | H42: 0 | I42: *
A43: Mission Trails | B43: REPTILES & AMPHIBIANS | C43: Snakes | D43: Western Threadsnake | E43: Rena humilis | F43: native | G43: 0 | H43: 0 | I43: *
A44: Mission Trails | B44: REPTILES & AMPHIBIANS | C44: Lizards | D44: Western Fence Lizard | E44: Sceloporus occidentalis | F44: native | G44: 0 | H44: 0
A45: Mission Trails | B45: REPTILES & AMPHIBIANS | C45: Snakes | D45: Two-striped Gartersnake | E45: Thamnophis hammondii | F45: native | G45: 0 | H45: CDFW: Species of Special Concern
A46: Mission Trails | B46: REPTILES & AMPHIBIANS | C46: Turtles | D46: Pond Slider | E46: Trachemys scripta | F46: non-native | G46: 0 | H46: 0 | I46: *
A47: Mission Trails | B47: REPTILES & AMPHIBIANS | C47: Frogs | D47: African Clawed Frog | E47: Xenopus laevis | F47: non-native | G47: 0 | H47: 0 | I47: *
A48: Mission Trails | B48: REPTILES & AMPHIBIANS | C48: Lizards | D48: Blainville's Horned Lizard | E48: Phrynosoma blainvillii | F48: native | G48: 0 | H48: CDFW: Species of Special Concern | I48: *
A49: Mission Trails | B49: REPTILES & AMPHIBIANS | C49: Lizards | D49: Common Side-blotched Lizard | E49: Uta stansburiana | F49: native | G49: 0 | H49: 0
B50: BIRDS
A51: Mission Trails | B51: BIRDS | C51: Hawks & Eagles | D51: Northern Harrier | E51: Circus cyaneus | F51: native | G51: 0 | H51: CDFW:SSC, USFWS:BCC
A52: Mission Trails | B52: BIRDS | C52: Hawks & Eagles | D52: Red-tailed Hawk | E52: Buteo jamaicensis | F52: native | G52: 0 | H52: 0
A53: Mission Trails | B53: BIRDS | C53: Pigeons & Doves | D53: Mourning Dove | E53: Zenaida macroura | F53: native | G53: 0 | H53: 0
A54: Mission Trails | B54: BIRDS | C54: Cuckoos | D54: Greater Roadrunner | E54: Geococcyx californianus | F54: native | G54: 0 | H54: 0
A55: Mission Trails | B55: BIRDS | C55: Swifts | D55: White-throated Swift | E55: Aeronautes saxatalis | F55: native | G55: 0 | H55: 0
A56: Mission Trails | B56: BIRDS | C56: Hummingbirds | D56: Anna's Hummingbird | E56: Calypte anna | F56: native | G56: 0 | H56: 0
A57: Mission Trails | B57: BIRDS | C57: Hummingbirds | D57: Allen's Hummingbird | E57: Selasphorus sasin | F57: native | G57: 0 | H57: 0
A58: Mission Trails | B58: BIRDS | C58: Woodpeckers | D58: Nuttall's Woodpecker | E58: Dryobates nuttallii | F58: native | G58: 0 | H58: 0
A59: Mission Trails | B59: BIRDS | C59: Woodpeckers | D59: Northern Flicker | E59: Colaptes auratus | F59: native | G59: 0 | H59: 0
A60: Mission Trails | B60: BIRDS | C60: Tyrant Flycatchers | D60: Western Flycatcher | E60: Empidonax difficilis | F60: native | G60: 0 | H60: 0
A61: Mission Trails | B61: BIRDS | C61: Tyrant Flycatchers | D61: Say's Phoebe | E61: Sayornis saya | F61: native | G61: 0 | H61: 0
A62: Mission Trails | B62: BIRDS | C62: Tyrant Flycatchers | D62: Ash-throated Flycatcher | E62: Myiarchus cinerascens | F62: native | G62: 0 | H62: 0
A63: Mission Trails | B63: BIRDS | C63: Crows & Jays | D63: California Scrub Jay | E63: Aphelocoma californica | F63: native | G63: 0 | H63: 0
... A79: Mission Trails | B79: BIRDS | C79: New World Sparrows | D79: White-crowned Sparrow | E79: Zonotrichia leucophrys | F79: native | G79: 0 | H79: 0
A80: Mission Trails | B80: BIRDS | C80: New World Sparrows | D80: Rufous-crowned Sparrow | E80: Aimophila ruficeps | F80: native | G80: 0 | H80: CDFW: Watch List
A81: Mission Trails | B81: BIRDS | C81: New World Sparrows | D81: Spotted Towhee | E81: Pipilo maculatus | F81: native | G81: 0 | H81: 0
A82: Mission Trails | B82: BIRDS | C82: New World Sparrows | D82: California Towhee | E82: Melozone crissalis | F82: native | G82: 0 | H82: 0
A83: Mission Trails | B83: BIRDS | C83: Wood Warblers | D83: Orange-crowned Warbler | E83: Leiothlypis celata | F83: native | G83: 0 | H83: 0
A84: Mission Trails | B84: BIRDS | C84: Wood Warblers | D84: Yellow-rumped Warbler | E84: Setophaga coronata | F84: native | G84: 0 | H84: 0
A85: Mission Trails | B85: BIRDS | C85: Cardinals, Grosbeaks, & Buntings | D85: Black-headed Grosbeak | E85: Pheucticus melanocephalus | F85: native | G85: 0 | H85: 0
A86: Mission Trails | B86: BIRDS | C86: Cardinals, Grosbeaks, & Buntings | D86: Lazuli Bunting | E86: Passerina amoena | F86: native | G86: 0 | H86: 0
A87: Mission Trails | B87: BIRDS | C87: New World Blackbirds & Orioles | D87: Hooded Oriole | E87: Icterus cucullatus | F87: native | G87: 0 | H87: 0
A88: Mission Trails | B88: BIRDS | C88: Quails | D88: California Quail | E88: Callipepla californica | F88: native | G88: 0 | H88: 0 | I88: Camera Trap By-catch
A89: Mission Trails | B89: BIRDS | C89: Mockingbirds & Thrashers | D89: Sage Thrasher | E89: Oreoscoptes montanus | F89: native | G89: 0 | H89: 0 | I89: Camera Trap By-catch
A90: Mission Trails | B90: BIRDS | C90: New World Sparrows | D90: Song Sparrow | E90: Melospiza melodia | F90: native | G90: 0 | H90: 0 | I90: Camera Trap By-catch
A91: Mission Trails | B91: BIRDS | C91: Waterfowl | D91: Mallard | E91: Anas platyrhynchos | F91: native | G91: 0 | H91: 0 | I91: Camera Trap By-catch
B92: MAMMALS
A93: Mission Trails | B93: MAMMALS | C93: Rodents | D93: San Diego Pocket Mouse | E93: Chaetodipus fallax fallax | F93: native | G93: 0 | H93: 0
A94: Mission Trails | B94: MAMMALS | C94: Rodents | D94: Dulzura Kangaroo Mouse | E94: Dipodomys simulans | F94: native | G94: 0 | H94: 0
A95: Mission Trails | B95: MAMMALS | C95: Rodents | D95: California Vole | E95: Microtus californicus | F95: native | G95: 0 | H95: 0
A96: Mission Trails | B96: MAMMALS | C96: Rodents | D96: Big-eared Woodrat | E96: Neotoma macrotis | F96: native | G96: 0 | H96: 0
A97: Mission Trails | B97: MAMMALS | C97: Rodents | D97: California Mouse | E97: Peromyscus californicus | F97: native | G97: 0 | H97: 0
A98: Mission Trails | B98: MAMMALS | C98: Rodents | D98: Cactus Mouse | E98: Peromyscus eremicus | F98: native | G98: 0 | H98: 0
A99: Mission Trails | B99: MAMMALS | C99: Rodents | D99: North American Deer Mouse | E99: Peromyscus maniculatus | F99: native | G99: 0 | H99: 0
A100: Mission Trails | B100: MAMMALS | C100: Rodents | D100: Western Harvest Mouse | E100: Reithrodontomys megalotis | F100: native | G100: 0 | H100: 0
A101: Mission Trails | B101: MAMMALS | C101: Rabbits & Hares | D101: Black-tailed Jackrabbit | E101: Lepus californicus bennettii | F101: native | G101: 0 | H101: CDFW: Species of Special Concern
A102: Mission Trails | B102: MAMMALS | C102: Carnivores | D102: Bobcat | E102: Lynx rufus | F102: native | G102: 0 | H102: 0
A103: Mission Trails | B103: MAMMALS | C103: Rabbits & Hares | D103: Brush Rabbit | E103: Sylvilagus bachmani | F103: native | G103: 0 | H103: 0
A104: Mission Trails | B104: MAMMALS | C104: Carnivores | D104: Coyote | E104: Canis latrans | F104: native | G104: 0 | H104: 0
A105: Mission Trails | B105: MAMMALS | C105: Rabbits & Hares | D105: Desert Cottontail | E105: Sylvilagus audubonii | F105: native | G105: 0 | H105: 0
A106: Mission Trails | B106: MAMMALS | C106: Ungulate | D106: Mule Deer | E106: Odocoileus hemionus | F106: native | G106: 0 | H106: 0
A107: Mission Trails | B107: MAMMALS | C107: Carnivores | D107: Raccoon | E107: Procyon lotor | F107: native | G107: 0 | H107: 0
A108: Mission Trails | B108: MAMMALS | C108: Carnivores | D108: Striped Skunk | E108: Mephitis mephitis | F108: native | G108: 0 | H108: 0
A109: Mission Trails | B109: MAMMALS | C109: Opossum | D109: Virginia Opossum | E109: Didelphis virginiana | F109: non-native | G109: 0 | H109: 0
A110: Mission Trails | B110: MAMMALS | C110: Bats | D110: Mexican Free-tailed Bat | E110: Tadarida brasiliensis | F110: native | G110: 0 | H110: 0
A111: Mission Trails | B111: MAMMALS | C111: Bats | D111: Western Red Bat | E111: Lasiurus frantzii | F111: native | G111: 0 | H111: CDFW: Species of Special Concern
A112: Mission Trails | B112: MAMMALS | C112: Bats | D112: Yuma Myotis | E112: Myotis yumanensis | F112: native | G112: 0 | H112: 0
A113: Mission Trails | B113: MAMMALS | C113: Bats | D113: Canyon Bat | E113: Parastrellus hesperus | F113: native | G113: 0 | H113: 0
A114: Mission Trails | B114: MAMMALS | C114: Bats | D114: Western Yellow Bat | E114: Lasiurus xanthinus | F114: native | G114: 0 | H114: CDFW: Species of Special Concern
A115: Mission Trails | B115: MAMMALS | C115: Bats | D115: Western Small-footed Myotis | E115: Myotis ciliolabrum | F115: native | G115: 0 | H115: 0
A116: Mission Trails | B116: MAMMALS | C116: Bats | D116: Big Free-tailed Bat | E116: Nyctinomops macrotis | F116: native | G116: 0 | H116: 0

Sheet Paradise
A1: Canyon | B1: Group | C1: Category | D1: Common Name | E1: Scientific Name | F1: Status | G1: Federal Listing Status | H1: State Listing Status | I1: iNat observation only
B2: INVERTEBRATES
A3: Paradise | B3: INVERTEBRATES | C3: Ants, Bees, Wasps | D3: Fine Striped Sweat Bee | E3: Agapostemon subtilior | F3: native | G3: 0 | H3: 0
A4: Paradise | B4: INVERTEBRATES | C4: Spiders | D4: Wolf spider | E4: Pardosa californica | F4: native | G4: 0 | H4: 0
A5: Paradise | B5: INVERTEBRATES | C5: Ants, Bees, Wasps | D5: European honey bee | E5: Apis mellifera | F5: non-native | G5: 0 | H5: 0
A6: Paradise | B6: INVERTEBRATES | C6: Spiders | D6: Ground spider | E6: Marinarozelotes barbatus | F6: non-native | G6: 0 | H6: 0
A7: Paradise | B7: INVERTEBRATES | C7: Ants, Bees, Wasps | D7: Argentine Ant | E7: Linepithema humile | F7: non-native | G7: 0 | H7: 0
A8: Paradise | B8: INVERTEBRATES | C8: Spiders | D8: Ground spider | E8: Drassyllus insularis | F8: native | G8: 0 | H8: 0
A9: Paradise | B9: INVERTEBRATES | C9: Spiders | D9: Woodlouse spider | E9: Dysdera crocata | F9: non-native | G9: 0 | H9: 0
A10: Paradise | B10: INVERTEBRATES | C10: Spiders | D10: Ground spider | E10: Gnaphosa californica | F10: native | G10: 0 | H10: 0
A11: Paradise | B11: INVERTEBRATES | C11: Spiders | D11: Paradise spider | E11: Habronattus pyrrithrix | F11: native | G11: 0 | H11: 0
A12: Paradise | B12: INVERTEBRATES | C12: Ants, Bees, Wasps | D12: Longhorn Bee | E12: Melissodes lupinus | F12: unsure | G12: 0 | H12: 0
A13: Paradise | B13: INVERTEBRATES | C13: Spiders | D13: Sheet weaver spider | E13: Spirembolus redondo | F13: native | G13: 0 | H13: 0
B14: REPTILES & AMPHIBIANS | D14: * denotes iNat observation only
A15: Paradise | B15: REPTILES & AMPHIBIANS | C15: Snakes | D15: Western Rattlesnake | E15: Crotalus oreganus | F15: native | G15: 0 | H15: 0
A16: Paradise | B16: REPTILES & AMPHIBIANS | C16: Lizards | D16: Southern Alligator Lizard | E16: Elgaria multicarinata | F16: native | G16: 0 | H16: 0
A17: Paradise | B17: REPTILES & AMPHIBIANS | C17: Snakes | D17: Brahminy Blind Snake | E17: Indotyphlops braminus | F17: non-native | G17: 0 | H17: 0
A18: Paradise | B18: REPTILES & AMPHIBIANS | C18: Snakes | D18: California Kingsnake | E18: Lampropeltis californiae | F18: native | G18: 0 | H18: 0 | I18: *
A19: Paradise | B19: REPTILES & AMPHIBIANS | C19: Lizards | D19: Western Fence Lizard | E19: Sceloporus occidentalis | F19: native | G19: 0 | H19: 0
A20: Paradise | B20: REPTILES & AMPHIBIANS | C20: Lizards | D20: Common Side-blotched Lizard | E20: Uta stansburiana | F20: native | G20: 0 | H20: 0
A21: Paradise | B21: REPTILES & AMPHIBIANS | C21: Turtles | D21: Turtle | E21: Testudines | F21: non-native | G21: 0 | H21: 0
B22: BIRDS
A23: Paradise | B23: BIRDS | C23: Hawks & Eagles | D23: Cooper's Hawk | E23: Accipiter cooperii | F23: native | G23: 0 | H23: CDFW: Watch List
A24: Paradise | B24: BIRDS | C24: Hawks & Eagles | D24: Red-tailed Hawk | E24: Buteo jamaicensis | F24: native | G24: 0 | H24: 0
A25: Paradise | B25: BIRDS | C25: Gulls & Terns | D25: Western Gull | E25: Larus occidentalis | F25: native | G25: 0 | H25: 0
A26: Paradise | B26: BIRDS | C26: Falcons | D26: American Kestrel | E26: Falco sparverius | F26: native | G26: 0 | H26: 0
A27: Paradise | B27: BIRDS | C27: Pigeons & Doves | D27: Domestic Pigeon | E27: Columba livia | F27: non-native | G27: 0 | H27: 0
A28: Paradise | B28: BIRDS | C28: Pigeons & Doves | D28: Mourning Dove | E28: Zenaida macroura | F28: native | G28: 0 | H28: 0
A29: Paradise | B29: BIRDS | C29: Swifts | D29: Vaux's Swift | E29: Chaetura vauxi | F29: native | G29: 0 | H29: CDFW: Species of Special Concern
A30: Paradise | B30: BIRDS | C30: Hummingbirds | D30: Anna's Hummingbird | E30: Calypte anna | F30: native | G30: 0 | H30: 0
A31: Paradise | B31: BIRDS | C31: Hummingbirds | D31: Allen's Hummingbird | E31: Selasphorus sasin | F31: native | G31: 0 | H31: 0
A32: Paradise | B32: BIRDS | C32: Woodpeckers | D32: Nuttall's Woodpecker | E32: Dryobates nuttallii | F32: native | G32: 0 | H32: 0
A33: Paradise | B33: BIRDS | C33: Tyrant Flycatchers | D33: Western Flycatcher | E33: Empidonax difficilis | F33: native | G33: 0 | H33: 0
A34: Paradise | B34: BIRDS | C34: Tyrant Flycatchers | D34: Say's Phoebe | E34: Sayornis saya | F34: native | G34: 0 | H34: 0
A35: Paradise | B35: BIRDS | C35: Tyrant Flycatchers | D35: Black Phoebe | E35: Sayornis nigricans | F35: native | G35: 0 | H35: 0
A36: Paradise | B36: BIRDS | C36: Tyrant Flycatchers | D36: Cassin's Kingbird | E36: Tyrannus vociferans | F36: native | G36: 0 | H36: 0
A37: Paradise | B37: BIRDS | C37: Tyrant Flycatchers | D37: Western Kingbird | E37: Tyrannus verticalis | F37: native | G37: 0 | H37: 0
A38: Paradise | B38: BIRDS | C38: Vireos | D38: Hutton's Vireo | E38: Vireo huttoni | F38: native | G38: 0 | H38: 0
A39: Paradise | B39: BIRDS | C39: Vireos | D39: Warbling Vireo | E39: Vireo gilvus | F39: native | G39: 0 | H39: 0
A40: Paradise | B40: BIRDS | C40: Crows & Jays | D40: California Scrub Jay | E40: Aphelocoma californica | F40: native | G40: 0 | H40: 0
A41: Paradise | B41: BIRDS | C41: Crows & Jays | D41: American Crow | E41: Corvus brachyrhynchos | F41: native | G41: 0 | H41: 0
... A69: Paradise | B69: BIRDS | C69: Wood Warblers | D69: Wilson's Warbler | E69: Wilsonia pusilla | F69: native | G69: 0 | H69: 0
A70: Paradise | B70: BIRDS | C70: Yellow-breasted Chat | D70: Yellow-breasted Chat | E70: Icteria virens | F70: native | G70: 0 | H70: CDFW: Species of Special Concern
A71: Paradise | B71: BIRDS | C71: Cardinals, Grosbeaks, & Buntings | D71: Black-headed Grosbeak | E71: Pheucticus melanocephalus | F71: native | G71: 0 | H71: 0
A72: Paradise | B72: BIRDS | C72: New World Blackbirds & Orioles | D72: Hooded Oriole | E72: Icterus cucullatus | F72: native | G72: 0 | H72: 0
B73: MAMMALS
A74: Paradise | B74: MAMMALS | C74: Rodents | D74: House Mouse | E74: Mus musculus | F74: non-native | G74: 0 | H74: 0
A75: Paradise | B75: MAMMALS | C75: Rodents | D75: Black Rat | E75: Rattus rattus | F75: non-native | G75: 0 | H75: 0
A76: Paradise | B76: MAMMALS | C76: Carnivores | D76: Coyote | E76: Canis latrans | F76: native | G76: 0 | H76: 0
A77: Paradise | B77: MAMMALS | C77: Rabbits & Hares | D77: Desert Cottontail | E77: Sylvilagus audubonii | F77: native | G77: 0 | H77: 0
A78: Paradise | B78: MAMMALS | C78: Carnivores | D78: Domestic Cat | E78: Felis catus | F78: non-native | G78: 0 | H78: 0
A79: Paradise | B79: MAMMALS | C79: Rodents | D79: House Rat | E79: Rattus rattus | F79: non-native | G79: 0 | H79: 0
A80: Paradise | B80: MAMMALS | C80: Carnivores | D80: Raccoon | E80: Procyon lotor | F80: native | G80: 0 | H80: 0
A81: Paradise | B81: MAMMALS | C81: Opossum | D81: Virginia Opossum | E81: Didelphis virginiana | F81: non-native | G81: 0 | H81: 0
A82: Paradise | B82: MAMMALS | C82: Bats | D82: Mexican Free-tailed Bat | E82: Tadarida brasiliensis | F82: native | G82: 0 | H82: 0
A83: Paradise | B83: MAMMALS | C83: Bats | D83: Western Red Bat | E83: Lasiurus frantzii | F83: native | G83: 0 | H83: CDFW: Species of Special Concern
A84: Paradise | B84: MAMMALS | C84: Bats | D84: Yuma Myotis | E84: Myotis yumanensis | F84: native | G84: 0 | H84: 0
A85: Paradise | B85: MAMMALS | C85: Bats | D85: Canyon Bat | E85: Parastrellus hesperus | F85: native | G85: 0 | H85: 0

Sheet Ruffin_Sandrock
A1: Canyon | B1: Group | C1: Category | D1: Common Name | E1: Scientific Name | F1: Status | G1: Federal Listing Status | H1: State Listing Status | I1: iNat observation only
B2: INVERTEBRATES
A3: Ruffin/Sandrock | B3: INVERTEBRATES | C3: Spiders | D3: Wolf spider | E3: Alopecosa kochii | F3: native | G3: 0 | H3: 0
A4: Ruffin/Sandrock | B4: INVERTEBRATES | C4: Ants, Bees, Wasps | D4: Argentine Ant | E4: Linepithema humile | F4: non-native | G4: 0 | H4: 0
A5: Ruffin/Sandrock | B5: INVERTEBRATES | C5: Spiders | D5: Ground spider | E5: Drassyllus insularis | F5: native | G5: 0 | H5: 0
A6: Ruffin/Sandrock | B6: INVERTEBRATES | C6: Ants, Bees, Wasps | D6: European honey bee | E6: Apis mellifera | F6: non-native | G6: 0 | H6: 0
A7: Ruffin/Sandrock | B7: INVERTEBRATES | C7: Spiders | D7: Paradise spider | E7: Habronattus pyrrithrix | F7: native | G7: 0 | H7: 0
A8: Ruffin/Sandrock | B8: INVERTEBRATES | C8: Ants, Bees, Wasps | D8: Tripartite Sweat Bee | E8: Halictus tripartitus | F8: non-native | G8: 0 | H8: 0
A9: Ruffin/Sandrock | B9: INVERTEBRATES | C9: Spiders | D9: Wolf spider | E9: Allocosa subparva | F9: native | G9: 0 | H9: 0
A10: Ruffin/Sandrock | B10: INVERTEBRATES | C10: Spiders | D10: Woodlouse spider | E10: Dysdera crocata | F10: non-native | G10: 0 | H10: 0
A11: Ruffin/Sandrock | B11: INVERTEBRATES | C11: Ants, Bees, Wasps | D11: Fine Striped Sweat Bee | E11: Agapostemon subtilior | F11: native | G11: 0 | H11: 0
B12: REPTILES & AMPHIBIANS
A13: Ruffin/Sandrock | B13: REPTILES & AMPHIBIANS | C13: Lizards | D13: Orange-throated Whiptail | E13: Aspidoscelis hyperythrus | F13: native | G13: 0 | H13: CDFW: Species of Special Concern (Watch List)
A14: Ruffin/Sandrock | B14: REPTILES & AMPHIBIANS | C14: Salamanders | D14: Garden Slender Salamander | E14: Batrachoseps major | F14: native | G14: 0 | H14: 0 | I14: incidental?
A15: Ruffin/Sandrock | B15: REPTILES & AMPHIBIANS | C15: Snakes | D15: Western Rattlesnake | E15: Crotalus oreganus | F15: native | G15: 0 | H15: 0
A16: Ruffin/Sandrock | B16: REPTILES & AMPHIBIANS | C16: Snakes | D16: Striped Racer* | E16: Masticophis lateralis | F16: native | G16: 0 | H16: 0 | I16: *
A17: Ruffin/Sandrock | B17: REPTILES & AMPHIBIANS | C17: Snakes | D17: Gophersnake | E17: Pituophis catenifer | F17: native | G17: 0 | H17: 0
A18: Ruffin/Sandrock | B18: REPTILES & AMPHIBIANS | C18: Frogs | D18: Pacific Treefrog | E18: Pseudacris regilla | F18: native | G18: 0 | H18: 0
A19: Ruffin/Sandrock | B19: REPTILES & AMPHIBIANS | C19: Frogs | D19: Chorus Frog | E19: Pseudacris sp. | F19: native | G19: 0 | H19: 0
A20: Ruffin/Sandrock | B20: REPTILES & AMPHIBIANS | C20: Lizards | D20: Western Fence Lizard | E20: Sceloporus occidentalis | F20: native | G20: 0 | H20: 0
A21: Ruffin/Sandrock | B21: REPTILES & AMPHIBIANS | C21: Lizards | D21: Common Side-blotched Lizard | E21: Uta stansburiana | F21: native | G21: 0 | H21: 0
B22: BIRDS
A23: Ruffin/Sandrock | B23: BIRDS | C23: Vultures | D23: Turkey Vulture | E23: Cathartes aura | F23: native | G23: 0 | H23: 0
A24: Ruffin/Sandrock | B24: BIRDS | C24: Hawks & Eagles | D24: Cooper's Hawk | E24: Accipiter cooperii | F24: native | G24: 0 | H24: CDFW: Watch List
A25: Ruffin/Sandrock | B25: BIRDS | C25: Hawks & Eagles | D25: Red-shouldered Hawk | E25: Buteo lineatus | F25: native | G25: 0 | H25: 0
A26: Ruffin/Sandrock | B26: BIRDS | C26: Hawks & Eagles | D26: Red-tailed Hawk | E26: Buteo jamaicensis | F26: native | G26: 0 | H26: 0
A27: Ruffin/Sandrock | B27: BIRDS | C27: Quails | D27: California Quail | E27: Callipepla californica | F27: native | G27: 0 | H27: 0
A28: Ruffin/Sandrock | B28: BIRDS | C28: Pigeons & Doves | D28: Domestic Pigeon | E28: Columba livia | F28: non-native | G28: 0 | H28: 0
A29: Ruffin/Sandrock | B29: BIRDS | C29: Pigeons & Doves | D29: Eurasian Collared Dove | E29: Streptopelia decaocto | F29: non-native | G29: 0 | H29: 0
A30: Ruffin/Sandrock | B30: BIRDS | C30: Pigeons & Doves | D30: Mourning Dove | E30: Zenaida macroura | F30: native | G30: 0 | H30: 0
A31: Ruffin/Sandrock | B31: BIRDS | C31: Swifts | D31: White-throated Swift | E31: Aeronautes saxatalis | F31: native | G31: 0 | H31: 0
A32: Ruffin/Sandrock | B32: BIRDS | C32: Hummingbirds | D32: Anna's Hummingbird | E32: Calypte anna | F32: native | G32: 0 | H32: 0
A33: Ruffin/Sandrock | B33: BIRDS | C33: Hummingbirds | D33: Allen's Hummingbird | E33: Selasphorus sasin | F33: native | G33: 0 | H33: 0
A34: Ruffin/Sandrock | B34: BIRDS | C34: Woodpeckers | D34: Nuttall's Woodpecker | E34: Dryobates nuttallii | F34: native | G34: 0 | H34: 0
A35: Ruffin/Sandrock | B35: BIRDS | C35: Woodpeckers | D35: Northern Flicker | E35: Colaptes auratus | F35: native | G35: 0 | H35: 0
A36: Ruffin/Sandrock | B36: BIRDS | C36: Tyrant Flycatchers | D36: Western Flycatcher | E36: Empidonax difficilis | F36: native | G36: 0 | H36: 0
... A48: Ruffin/Sandrock | B48: BIRDS | C48: Mockingbirds & Thrashers | D48: California Thrasher | E48: Toxostoma redivivum | F48: native | G48: 0 | H48: 0
A49: Ruffin/Sandrock | B49: BIRDS | C49: Wrens | D49: Cactus Wren | E49: Campylorhynchus brunneicapillus | F49: native | G49: 0 | H49: CDFW:SSC, USFS:S, USFWS:BCC
A50: Ruffin/Sandrock | B50: BIRDS | C50: Wrens | D50: Bewick's Wren | E50: Thryomanes bewickii | F50: native | G50: 0 | H50: 0
A51: Ruffin/Sandrock | B51: BIRDS | C51: Wrens | D51: House Wren | E51: Troglodytes aedon | F51: native | G51: 0 | H51: 0
A52: Ruffin/Sandrock | B52: BIRDS | C52: Gnatcatchers | D52: California Gnatcatcher | E52: Polioptila californica californica | F52: native | G52: Federally Threatened | H52: CDFW: Species of Special Concern
A53: Ruffin/Sandrock | B53: BIRDS | C53: Bushtits | D53: Bushtit | E53: Psaltriparus minimus | F53: native | G53: 0 | H53: 0
A54: Ruffin/Sandrock | B54: BIRDS | C54: Swallows | D54: N. Rough-winged Swallow | E54: Stelgidopteryx serripennis | F54: native | G54: 0 | H54: 0
A55: Ruffin/Sandrock | B55: BIRDS | C55: Babblers & Wrentit | D55: Wrentit | E55: Chamaea fasciata | F55: native | G55: 0 | H55: 0
A56: Ruffin/Sandrock | B56: BIRDS | C56: Waxbills & Munias | D56: Scaly-breasted Munia | E56: Lonchura punctulata | F56: non-native | G56: 0 | H56: 0
A57: Ruffin/Sandrock | B57: BIRDS | C57: Finches | D57: Lesser Goldfinch | E57: Spinus psaltria | F57: native | G57: 0 | H57: 0
A58: Ruffin/Sandrock | B58: BIRDS | C58: Finches | D58: House Finch | E58: Haemorhous mexicanus | F58: native | G58: 0 | H58: 0
A59: Ruffin/Sandrock | B59: BIRDS | C59: New World Sparrows | D59: Fox Sparrow | E59: Passerella iliaca | F59: native | G59: 0 | H59: 0
A60: Ruffin/Sandrock | B60: BIRDS | C60: New World Sparrows | D60: Song Sparrow | E60: Melospiza melodia | F60: native | G60: 0 | H60: 0
A61: Ruffin/Sandrock | B61: BIRDS | C61: New World Sparrows | D61: White-crowned Sparrow | E61: Zonotrichia leucophrys | F61: native | G61: 0 | H61: 0
A62: Ruffin/Sandrock | B62: BIRDS | C62: New World Sparrows | D62: Rufous-crowned Sparrow | E62: Aimophila ruficeps | F62: native | G62: 0 | H62: CDFW: Watch List
A63: Ruffin/Sandrock | B63: BIRDS | C63: New World Sparrows | D63: Spotted Towhee | E63: Pipilo maculatus | F63: native | G63: 0 | H63: 0
A64: Ruffin/Sandrock | B64: BIRDS | C64: New World Sparrows | D64: California Towhee | E64: Melozone crissalis | F64: native | G64: 0 | H64: 0
A65: Ruffin/Sandrock | B65: BIRDS | C65: Wood Warblers | D65: Orange-crowned Warbler | E65: Leiothlypis celata | F65: native | G65: 0 | H65: 0
A66: Ruffin/Sandrock | B66: BIRDS | C66: Wood Warblers | D66: Yellow-rumped Warbler | E66: Setophaga coronata | F66: native | G66: 0 | H66: 0
A67: Ruffin/Sandrock | B67: BIRDS | C67: Wood Warblers | D67: Common Yellowthroat | E67: Geothlypis trichas | F67: native | G67: 0 | H67: 0
A68: Ruffin/Sandrock | B68: BIRDS | C68: Wood Warblers | D68: Wilson's Warbler | E68: Wilsonia pusilla | F68: native | G68: 0 | H68: 0
A69: Ruffin/Sandrock | B69: BIRDS | C69: New World Blackbirds & Orioles | D69: Hooded Oriole | E69: Icterus cucullatus | F69: native | G69: 0 | H69: 0
A70: Ruffin/Sandrock | B70: BIRDS | C70: Nightjars | D70: Common Poorwill | E70: Phalaenoptilus nuttallii | F70: native | G70: 0 | H70: 0 | J70: Camera Trap By-catch
B71: MAMMALS
A72: Ruffin/Sandrock | B72: MAMMALS | C72: Rodents | D72: Bryant's Woodrat | E72: Neotoma bryanti | F72: native | G72: 0 | H72: CDFW: Species of Special Concern
A73: Ruffin/Sandrock | B73: MAMMALS | C73: Rodents | D73: Big-eared Woodrat | E73: Neotoma macrotis | F73: native | G73: 0 | H73: 0
A74: Ruffin/Sandrock | B74: MAMMALS | C74: Rodents | D74: California Mouse | E74: Peromyscus californicus | F74: native | G74: 0 | H74: 0
A75: Ruffin/Sandrock | B75: MAMMALS | C75: Rodents | D75: Cactus Mouse | E75: Peromyscus eremicus | F75: native | G75: 0 | H75: 0
A76: Ruffin/Sandrock | B76: MAMMALS | C76: Rodents | D76: Black Rat | E76: Rattus rattus | F76: non-native | G76: 0 | H76: 0
A77: Ruffin/Sandrock | B77: MAMMALS | C77: Rodents | D77: Western Harvest Mouse | E77: Reithrodontomys megalotis | F77: native | G77: 0 | H77: 0
A78: Ruffin/Sandrock | B78: MAMMALS | C78: Rabbits & Hares | D78: Desert Cottontail | E78: Sylvilagus audubonii | F78: native | G78: 0 | H78: 0
A79: Ruffin/Sandrock | B79: MAMMALS | C79: Rabbits & Hares | D79: Brush Rabbit | E79: Sylvilagus bachmani | F79: native | G79: 0 | H79: 0
A80: Ruffin/Sandrock | B80: MAMMALS | C80: Carnivores | D80: Bobcat | E80: Lynx rufus | F80: native | G80: 0 | H80: 0
A81: Ruffin/Sandrock | B81: MAMMALS | C81: Rabbits & Hares | D81: Brush Rabbit | E81: Sylvilagus bachmani | F81: native | G81: 0 | H81: 0
A82: Ruffin/Sandrock | B82: MAMMALS | C82: Rodents | D82: California Ground Squirrel | E82: Otospermophilus beecheyi | F82: native | G82: 0 | H82: 0
A83: Ruffin/Sandrock | B83: MAMMALS | C83: Carnivores | D83: Coyote | E83: Canis latrans | F83: native | G83: 0 | H83: 0
A84: Ruffin/Sandrock | B84: MAMMALS | C84: Rabbits & Hares | D84: Desert Cottontail | E84: Sylvilagus audubonii | F84: native | G84: 0 | H84: 0
... A87: Ruffin/Sandrock | B87: MAMMALS | C87: Bats | D87: Mexican Free-tailed Bat | E87: Tadarida brasiliensis | F87: native | G87: 0 | H87: 0
A88: Ruffin/Sandrock | B88: MAMMALS | C88: Bats | D88: Western Red Bat | E88: Lasiurus frantzii | F88: native | G88: 0 | H88: CDFW: Species of Special Concern
A89: Ruffin/Sandrock | B89: MAMMALS | C89: Bats | D89: Canyon Bat | E89: Parastrellus hesperus | F89: native | G89: 0 | H89: 0

Sheet Standley_Syracuse
A1: Canyon | B1: Group | C1: Category | D1: Common Name | E1: Scientific Name | F1: Status | G1: Federal Listing Status | H1: State Listing Status | I1: Notes
B2: INVERTEBRATES
A3: Standley/Syracuse | B3: INVERTEBRATES | C3: Ants, Bees, Wasps | D3: Argentine Ant | E3: Linepithema humile | F3: non-native | G3: 0 | H3: 0
A4: Standley/Syracuse | B4: INVERTEBRATES | C4: Spiders | D4: Crab spider | E4: Xysticus iviei | F4: native | G4: 0 | H4: 0
A5: Standley/Syracuse | B5: INVERTEBRATES | C5: Spiders | D5: Ground spider | E5: Zelotes gynethus | F5: native | G5: 0 | H5: 0
A6: Standley/Syracuse | B6: INVERTEBRATES | C6: Spiders | D6: Wandering spider | E6: Socalchemmis miramar | F6: native | G6: 0 | H6: 0
A7: Standley/Syracuse | B7: INVERTEBRATES | C7: Spiders | D7: Woodlouse spider | E7: Dysdera crocata | F7: non-native | G7: 0 | H7: 0
A8: Standley/Syracuse | B8: INVERTEBRATES | C8: Ants, Bees, Wasps | D8: European honey bee | E8: Apis mellifera | F8: non-native | G8: 0 | H8: 0
A9: Standley/Syracuse | B9: INVERTEBRATES | C9: Spiders | D9: Sheet weaver spider | E9: Erigone autumnalis | F9: native | G9: 0 | H9: 0
A10: Standley/Syracuse | B10: INVERTEBRATES | C10: Spiders | D10: Sheet weaver spider | E10: Spirembolus praelongus | F10: native | G10: 0 | H10: 0
A11: Standley/Syracuse | B11: INVERTEBRATES | C11: Spiders | D11: Wolf spider | E11: Pardosa californica | F11: native | G11: 0 | H11: 0
A12: Standley/Syracuse | B12: INVERTEBRATES | C12: Spiders | D12: Sheet weaver spider | E12: "Agyneta" #1 | F12: native | G12: 0 | H12: 0
A13: Standley/Syracuse | B13: INVERTEBRATES | C13: Spiders | D13: Mesh web weavers | E13: Yorima angelica | F13: native | G13: 0 | H13: 0
A14: Standley/Syracuse | B14: INVERTEBRATES | C14: Arachnid | D14: Short-tailed whip scorpion | E14: Hubbardia pentapeltis | F14: native | G14: 0 | H14: 0
A15: Standley/Syracuse | B15: INVERTEBRATES | C15: Ants, Bees, Wasps | D15: Tripartite Sweat Bee | E15: Halictus tripartitus | F15: non-native | G15: 0 | H15: 0
B16: REPTILES & AMPHIBIANS | C16: * denotes iNat observation only
A17: Standley/Syracuse | B17: REPTILES & AMPHIBIANS | C17: Lizards | D17: Orange-throated Whiptail | E17: Aspidoscelis hyperythrus | F17: native | G17: 0 | H17: CDFW: Species of Special Concern (Watch List)
A18: Standley/Syracuse | B18: REPTILES & AMPHIBIANS | C18: Lizards | D18: Southern Alligator Lizard | E18: Elgaria multicarinata | F18: native | G18: 0 | H18: 0
A19: Standley/Syracuse | B19: REPTILES & AMPHIBIANS | C19: Frogs | D19: Pacific Treefrog | E19: Pseudacris regilla | F19: native | G19: 0 | H19: 0
A20: Standley/Syracuse | B20: REPTILES & AMPHIBIANS | C20: Lizards | D20: Western Fence Lizard | E20: Sceloporus occidentalis | F20: native | G20: 0 | H20: 0
A21: Standley/Syracuse | B21: REPTILES & AMPHIBIANS | C21: Lizards | D21: Common Side-blotched Lizard | E21: Uta stansburiana | F21: native | G21: 0 | H21: 0
B22: BIRDS
A23: Standley/Syracuse | B23: BIRDS | C23: Hawks & Eagles | D23: Cooper's Hawk | E23: Accipiter cooperii | F23: native | G23: 0 | H23: CDFW: Watch List
A24: Standley/Syracuse | B24: BIRDS | C24: Hawks & Eagles | D24: Red-shouldered Hawk | E24: Buteo lineatus | F24: native | G24: 0 | H24: 0
A25: Standley/Syracuse | B25: BIRDS | C25: Hawks & Eagles | D25: Red-tailed Hawk | E25: Buteo jamaicensis | F25: native | G25: 0 | H25: 0
A26: Standley/Syracuse | B26: BIRDS | C26: Falcons | D26: Peregrine Falcon | E26: Falco peregrinus | F26: native | G26: 0 | H26: 0
A27: Standley/Syracuse | B27: BIRDS | C27: Gulls & Terns | D27: Western Gull | E27: Larus occidentalis | F27: native | G27: 0 | H27: 0
A28: Standley/Syracuse | B28: BIRDS | C28: Pigeons & Doves | D28: Mourning Dove | E28: Zenaida macroura | F28: native | G28: 0 | H28: 0
A29: Standley/Syracuse | B29: BIRDS | C29: Swifts | D29: White-throated Swift | E29: Aeronautes saxatalis | F29: native | G29: 0 | H29: 0
A30: Standley/Syracuse | B30: BIRDS | C30: Hummingbirds | D30: Anna's Hummingbird | E30: Calypte anna | F30: native | G30: 0 | H30: 0
A31: Standley/Syracuse | B31: BIRDS | C31: Hummingbirds | D31: Allen's Hummingbird | E31: Selasphorus sasin | F31: native | G31: 0 | H31: 0
A32: Standley/Syracuse | B32: BIRDS | C32: Woodpeckers | D32: Nuttall's Woodpecker | E32: Dryobates nuttallii | F32: native | G32: 0 | H32: 0
A33: Standley/Syracuse | B33: BIRDS | C33: Tyrant Flycatchers | D33: Western Wood Pewee | E33: Contopus sordidulus | F33: native | G33: 0 | H33: 0
A34: Standley/Syracuse | B34: BIRDS | C34: Tyrant Flycatchers | D34: Western Flycatcher | E34: Empidonax difficilis | F34: native | G34: 0 | H34: 0
A35: Standley/Syracuse | B35: BIRDS | C35: Tyrant Flycatchers | D35: Black Phoebe | E35: Sayornis nigricans | F35: native | G35: 0 | H35: 0
... A64: Standley/Syracuse | B64: BIRDS | C64: New World Blackbirds & Orioles | D64: Hooded Oriole | E64: Icterus cucullatus | F64: native | G64: 0 | H64: 0
A65: Standley/Syracuse | B65: BIRDS | C65: Mockingbirds & Thrashers | D65: Northern Mockingbird | E65: Mimus polyglottos | F65: native | G65: 0 | H65: 0 | I65: Camera By-catch
B66: MAMMALS
A67: Standley/Syracuse | B67: MAMMALS | C67: Rodents | D67: Big-eared Woodrat | E67: Neotoma macrotis | F67: native | G67: 0 | H67: 0
A68: Standley/Syracuse | B68: MAMMALS | C68: Rodents | D68: California Mouse | E68: Peromyscus californicus | F68: native | G68: 0 | H68: 0
A69: Standley/Syracuse | B69: MAMMALS | C69: Rodents | D69: North American Deer Mouse | E69: Peromyscus maniculatus | F69: native | G69: 0 | H69: 0
A70: Standley/Syracuse | B70: MAMMALS | C70: Rodents | D70: Western Harvest Mouse | E70: Reithrodontomys megalotis | F70: native | G70: 0 | H70: 0
A71: Standley/Syracuse | B71: MAMMALS | C71: Carnivores | D71: Bobcat | E71: Lynx rufus | F71: native | G71: 0 | H71: 0
A72: Standley/Syracuse | B72: MAMMALS | C72: Rodents | D72: California Ground Squirrel | E72: Otospermophilus beecheyi | F72: native | G72: 0 | H72: 0
A73: Standley/Syracuse | B73: MAMMALS | C73: Carnivores | D73: Coyote | E73: Canis latrans | F73: native | G73: 0 | H73: 0
A74: Standley/Syracuse | B74: MAMMALS | C74: Rabbits & Hares | D74: Desert Cottontail | E74: Sylvilagus audubonii | F74: native | G74: 0 | H74: 0
A75: Standley/Syracuse | B75: MAMMALS | C75: Carnivores | D75: Raccoon | E75: Procyon lotor | F75: native | G75: 0 | H75: 0
A76: Standley/Syracuse | B76: MAMMALS | C76: Carnivores | D76: Striped Skunk | E76: Mephitis mephitis | F76: native | G76: 0 | H76: 0
A77: Standley/Syracuse | B77: MAMMALS | C77: Opossum | D77: Virginia Opossum | E77: Didelphis virginiana | F77: non-native | G77: 0 | H77: 0
A78: Standley/Syracuse | B78: MAMMALS | C78: Bats | D78: Mexican Free-tailed Bat | E78: Tadarida brasiliensis | F78: native | G78: 0 | H78: 0
A79: Standley/Syracuse | B79: MAMMALS | C79: Bats | D79: Western Red Bat | E79: Lasiurus frantzii | F79: native | G79: 0 | H79: CDFW: Species of Special Concern
A80: Standley/Syracuse | B80: MAMMALS | C80: Bats | D80: Yuma Myotis | E80: Myotis yumanensis | F80: native | G80: 0 | H80: 0
A81: Standley/Syracuse | B81: MAMMALS | C81: Bats | D81: Canyon Bat | E81: Parastrellus hesperus | F81: native | G81: 0 | H81: 0
A82: Standley/Syracuse | B82: MAMMALS | C82: Bats | D82: Hoary Bat | E82: Lasiurus cinereus | F82: native | G82: 0 | H82: 0

Sheet Tecolote_South
A1: Canyon | B1: Group | C1: Category | D1: Common Name | E1: Scientific Name | F1: Status | G1: Federal Listing Status | H1: State Listing Status | I1: iNat observation only
B2: INVERTEBRATES
A3: Tecolote South | B3: INVERTEBRATES | C3: Spiders | D3: Araneae | E3: Falconina gracilis | F3: non-native | G3: 0 | H3: 0
A4: Tecolote South | B4: INVERTEBRATES | C4: Ants, Bees, Wasps | D4: Argentine Ant | E4: Linepithema humile | F4: non-native | G4: 0 | H4: 0
A5: Tecolote South | B5: INVERTEBRATES | C5: Spiders | D5: Wall spider | E5: Oecobius navus | F5: non-native | G5: 0 | H5: 0
A6: Tecolote South | B6: INVERTEBRATES | C6: Ants, Bees, Wasps | D6: European honey bee | E6: Apis mellifera | F6: non-native | G6: 0 | H6: 0
A7: Tecolote South | B7: INVERTEBRATES | C7: Beetles | D7: Coleoptera | E7: Ozognathus cornutus | F7: unsure | G7: 0 | H7: 0
A8: Tecolote South | B8: INVERTEBRATES | C8: Spiders | D8: Woodlouse spider | E8: Dysdera crocata | F8: non-native | G8: 0 | H8: 0
A9: Tecolote South | B9: INVERTEBRATES | C9: Spiders | D9: Sheet weaver spider | E9: "Agyneta" #1 | F9: native | G9: 0 | H9: 0
A10: Tecolote South | B10: INVERTEBRATES | C10: Spiders | D10: Sheet weaver spider | E10: "Disembolus" #2 | F10: native | G10: 0 | H10: 0
A11: Tecolote South | B11: INVERTEBRATES | C11: Spiders | D11: Ant mimic spider | E11: Castianeira occidens | F11: native | G11: 0 | H11: 0
A12: Tecolote South | B12: INVERTEBRATES | C12: Spiders | D12: Ant mimic spider | E12: Castianeira thalia | F12: native | G12: 0 | H12: 0
A13: Tecolote South | B13: INVERTEBRATES | C13: Spiders | D13: Ground spider | E13: Sergiolus gertschi | F13: native | G13: 0 | H13: 0
A14: Tecolote South | B14: INVERTEBRATES | C14: Spiders | D14: Paradise spider | E14: Habronattus californicus | F14: native | G14: 0 | H14: 0
... A16: Tecolote South | B16: INVERTEBRATES | C16: Spiders | D16: Dwarf funnel web spider | E16: Hexurella rupicola | F16: native | G16: 0 | H16: 0
A17: Tecolote South | B17: INVERTEBRATES | C17: Beetles | D17: Minute Brown Scavenger Beetle | E17: Revelieria california | F17: unsure | G17: edar | H17: 0
A18: Tecolote South | B18: INVERTEBRATES | C18: Arachnid | D18: Opiliones | E18: Protolophus singularis | F18: native | G18: 0 | H18: 0
A19: Tecolote South | B19: INVERTEBRATES | C19: Spiders | D19: Ground spider | E19: Drassyllus saphes | F19: native | G19: 0 | H19: 0
A20: Tecolote South | B20: INVERTEBRATES | C20: Spiders | D20: Ground spider | E20: Drassyllus insularis | F20: native | G20: 0 | H20: 0
A21: Tecolote South | B21: INVERTEBRATES | C21: Spiders | D21: Wolf spider | E21: Pardosa californica | F21: native | G21: 0 | H21: 0
A22: Tecolote South | B22: INVERTEBRATES | C22: Spiders | D22: Ground spider | E22: Zelotes gynethus | F22: native | G22: 0 | H22: 0
A23: Tecolote South | B23: INVERTEBRATES | C23: Spiders | D23: Jumping spider | E23: Attinella dorsata | F23: native | G23: 0 | H23: 0
B24: REPTILES & AMPHIBIANS | C24: * denotes iNat observation only
A25: Tecolote South | B25: REPTILES & AMPHIBIANS | C25: Lizards | D25: Orange-throated Whiptail | E25: Aspidoscelis hyperythrus | F25: native | G25: 0 | H25: CDFW: Species of Special Concern (Watch List)
A26: Tecolote South | B26: REPTILES & AMPHIBIANS | C26: Salamanders | D26: Garden Slender Salamander | E26: Batrachoseps major | F26: native | G26: 0 | H26: 0
A27: Tecolote South | B27: REPTILES & AMPHIBIANS | C27: Snakes | D27: Western Rattlesnake | E27: Crotalus oreganus | F27: native | G27: 0 | H27: 0 | I27: *
A28: Tecolote South | B28: REPTILES & AMPHIBIANS | C28: Snakes | D28: Red Diamond Rattlesnake | E28: Crotalus ruber | F28: native | G28: 0 | H28: CDFW: Species of Special Concern | I28: *
A29: Tecolote South | B29: REPTILES & AMPHIBIANS | C29: Snakes | D29: Ring-necked Snake | E29: Diadophis punctatus | F29: native | G29: 0 | H29: 0 | I29: *
A30: Tecolote South | B30: REPTILES & AMPHIBIANS | C30: Snakes | D30: Coast Night Snake | E30: Hypsiglena ochrorhyncha | F30: native | G30: 0 | H30: 0 | I30: *
A31: Tecolote South | B31: REPTILES & AMPHIBIANS | C31: Snakes | D31: California Kingsnake | E31: Lampropeltis californiae | F31: native | G31: 0 | H31: 0 | I31: *
A32: Tecolote South | B32: REPTILES & AMPHIBIANS | C32: Lizards | D32: Southern Alligator Lizard | E32: Elgaria multicarinata | F32: native | G32: 0 | H32: 0 | I32: * | J32: Camera By-catch
A33: Tecolote South | B33: REPTILES & AMPHIBIANS | C33: Snakes | D33: Striped Racer | E33: Masticophis lateralis | F33: native | G33: 0 | H33: 0
A34: Tecolote South | B34: REPTILES & AMPHIBIANS | C34: Snakes | D34: Gophersnake | E34: Pituophis catenifer | F34: native | G34: 0 | H34: 0
A35: Tecolote South | B35: REPTILES & AMPHIBIANS | C35: Lizards | D35: Western Skink | E35: Plestiodon skiltonianus | F35: native | G35: 0 | H35: CDFW: Species of Special Concern (Watch List)
A36: Tecolote South | B36: REPTILES & AMPHIBIANS | C36: Frogs | D36: Pacific Treefrog | E36: Pseudacris regilla | F36: native | G36: 0 | H36: 0 | I36: *
A37: Tecolote South | B37: REPTILES & AMPHIBIANS | C37: Lizards | D37: Western Fence Lizard | E37: Sceloporus occidentalis | F37: native | G37: 0 | H37: 0
A38: Tecolote South | B38: REPTILES & AMPHIBIANS | C38: Lizards | D38: Common Side-blotched Lizard | E38: Uta stansburiana | F38: native | G38: 0 | H38: 0
A39: Tecolote South | B39: REPTILES & AMPHIBIANS | C39: Turtles | D39: Pond Slider | E39: Trachemys scripta | F39: non-native | G39: 0 | H39: 0 | I39: *
A40: Tecolote South | B40: REPTILES & AMPHIBIANS | C40: Frogs | D40: African Clawed Frog | E40: Xenopus laevis | F40: non-native | G40: 0 | H40: 0
B41: BIRDS
A42: Tecolote South | B42: BIRDS | C42: Waterfowl | D42: Mallard | E42: Anas platyrhynchos | F42: native | G42: 0 | H42: 0
A43: Tecolote South | B43: BIRDS | C43: Hawks & Eagles | D43: Cooper's Hawk | E43: Accipiter cooperii | F43: native | G43: 0 | H43: CDFW: Watch List
A44: Tecolote South | B44: BIRDS | C44: Hawks & Eagles | D44: Red-shouldered Hawk | E44: Buteo lineatus | F44: native | G44: 0 | H44: 0
A45: Tecolote South | B45: BIRDS | C45: Hawks & Eagles | D45: Red-tailed Hawk | E45: Buteo jamaicensis | F45: native | G45: 0 | H45: 0
A46: Tecolote South | B46: BIRDS | C46: Gulls & Terns | D46: Western Gull | E46: Larus occidentalis | F46: native | G46: 0 | H46: 0
A47: Tecolote South | B47: BIRDS | C47: Pigeons & Doves | D47: Mourning Dove | E47: Zenaida macroura | F47: native | G47: 0 | H47: 0
A48: Tecolote South | B48: BIRDS | C48: Parrots | D48: Red-crowned Parrot | E48: Amazona viridigenalis | F48: non-native | G48: 0 | H48: 0
A49: Tecolote South | B49: BIRDS | C49: Swifts | D49: White-throated Swift | E49: Aeronautes saxatalis | F49: native | G49: 0 | H49: 0
A50: Tecolote South | B50: BIRDS | C50: Hummingbirds | D50: Black-chinned Hummingbird | E50: Archilochus alexandri | F50: native | G50: 0 | H50: 0
A51: Tecolote South | B51: BIRDS | C51: Hummingbirds | D51: Anna's Hummingbird | E51: Calypte anna | F51: native | G51: 0 | H51: 0
A52: Tecolote South | B52: BIRDS | C52: Hummingbirds | D52: Allen's Hummingbird | E52: Selasphorus sasin | F52: native | G52: 0 | H52: 0
A53: Tecolote South | B53: BIRDS | C53: Woodpeckers | D53: Acorn Woodpecker | E53: Melanerpes formicivorus | F53: native | G53: 0 | H53: 0
A54: Tecolote South | B54: BIRDS | C54: Woodpeckers | D54: Nuttall's Woodpecker | E54: Dryobates nuttallii | F54: native | G54: 0 | H54: 0
A55: Tecolote South | B55: BIRDS | C55: Woodpeckers | D55: Northern Flicker | E55: Colaptes auratus | F55: native | G55: 0 | H55: 0
... A70: Tecolote South | B70: BIRDS | C70: Wrens | D70: House Wren | E70: Troglodytes aedon | F70: native | G70: 0 | H70: 0
A71: Tecolote South | B71: BIRDS | C71: Gnatcatchers | D71: California Gnatcatcher | E71: Polioptila californica californica | F71: native | G71: Federally Threatened | H71: CDFW: Species of Special Concern
A72: Tecolote South | B72: BIRDS | C72: Bushtits | D72: Bushtit | E72: Psaltriparus minimus | F72: native | G72: 0 | H72: 0
A73: Tecolote South | B73: BIRDS | C73: Swallows | D73: Cliff Swallow | E73: Petrochelidon pyrrhonota | F73: native | G73: 0 | H73: 0
A74: Tecolote South | B74: BIRDS | C74: Kinglets | D74: Ruby-crowned Kinglet | E74: Regulus calendula | F74: native | G74: 0 | H74: 0
A75: Tecolote South | B75: BIRDS | C75: White-eyes | D75: Swinhoe's White-eye | E75: Zosterops simplex | F75: non-native | G75: 0 | H75: 0
A76: Tecolote South | B76: BIRDS | C76: Babblers & Wrentit | D76: Wrentit | E76: Chamaea fasciata | F76: native | G76: 0 | H76: 0
A77: Tecolote South | B77: BIRDS | C77: Waxbills & Munias | D77: Scaly-breasted Munia | E77: Lonchura punctulata | F77: non-native | G77: 0 | H77: 0
A78: Tecolote South | B78: BIRDS | C78: Finches | D78: Lesser Goldfinch | E78: Spinus psaltria | F78: native | G78: 0 | H78: 0
A79: Tecolote South | B79: BIRDS | C79: Finches | D79: House Finch | E79: Haemorhous mexicanus | F79: native | G79: 0 | H79: 0
A80: Tecolote South | B80: BIRDS | C80: New World Sparrows | D80: Song Sparrow | E80: Melospiza melodia | F80: native | G80: 0 | H80: 0
A81: Tecolote South | B81: BIRDS | C81: New World Sparrows | D81: White-crowned Sparrow | E81: Zonotrichia leucophrys | F81: native | G81: 0 | H81: 0
A82: Tecolote South | B82: BIRDS | C82: New World Sparrows | D82: Spotted Towhee | E82: Pipilo maculatus | F82: native | G82: 0 | H82: 0
A83: Tecolote South | B83: BIRDS | C83: New World Sparrows | D83: California Towhee | E83: Melozone crissalis | F83: native | G83: 0 | H83: 0
A84: Tecolote South | B84: BIRDS | C84: Wood Warblers | D84: Orange-crowned Warbler | E84: Leiothlypis celata | F84: native | G84: 0 | H84: 0
A85: Tecolote South | B85: BIRDS | C85: Wood Warblers | D85: Yellow Warbler | E85: Dendroica petechia | F85: native | G85: 0 | H85: CDFW:SSC
A86: Tecolote South | B86: BIRDS | C86: Wood Warblers | D86: Yellow-rumped Warbler | E86: Setophaga coronata | F86: native | G86: 0 | H86: 0
A87: Tecolote South | B87: BIRDS | C87: Wood Warblers | D87: Common Yellowthroat | E87: Geothlypis trichas | F87: native | G87: 0 | H87: 0
A88: Tecolote South | B88: BIRDS | C88: Yellow-breasted Chat | D88: Yellow-breasted Chat | E88: Icteria virens | F88: native | G88: 0 | H88: CDFW: Species of Special Concern
A89: Tecolote South | B89: BIRDS | C89: Cardinals, Grosbeaks, & Buntings | D89: Black-headed Grosbeak | E89: Pheucticus melanocephalus | F89: native | G89: 0 | H89: 0
A90: Tecolote South | B90: BIRDS | C90: New World Blackbirds & Orioles | D90: Hooded Oriole | E90: Icterus cucullatus | F90: native | G90: 0 | H90: 0
A91: Tecolote South | B91: BIRDS | C91: New World Blackbirds & Orioles | D91: Brown-headed Cowbird | E91: Molothrus ater | F91: native | G91: 0 | H91: 0
A92: Tecolote South | B92: BIRDS | C92: Owls | D92: Common Barn Owl | E92: Tyto alba | F92: native | G92: 0 | H92: 0 | I92: Camera By-catch
A93: Tecolote South | B93: BIRDS | C93: Owls | D93: Great Horned Owl | E93: Bubo virginianus | F93: native | G93: 0 | H93: 0 | I93: Camera By-catch
B94: MAMMALS
A95: Tecolote South | B95: MAMMALS | C95: Rodents | D95: San Diego Pocket Mouse | E95: Chaetodipus fallax fallax | F95: native | G95: 0 | H95: 0
A96: Tecolote South | B96: MAMMALS | C96: Rodents | D96: California Mouse | E96: Microtus californicus | F96: native | G96: 0 | H96: 0
A97: Tecolote South | B97: MAMMALS | C97: Rodents | D97: Big-eared Woodrat | E97: Neotoma macrotis | F97: native | G97: 0 | H97: 0
A98: Tecolote South | B98: MAMMALS | C98: Rodents | D98: California Mouse | E98: Peromyscus californicus | F98: native | G98: 0 | H98: 0
A99: Tecolote South | B99: MAMMALS | C99: Rodents | D99: Cactus Mouse | E99: Peromyscus eremicus | F99: native | G99: 0 | H99: 0
A100: Tecolote South | B100: MAMMALS | C100: Rodents | D100: Western Harvest Mouse | E100: Reithrodontomys megalotis | F100: native | G100: 0 | H100: 0
A101: Tecolote South | B101: MAMMALS | C101: Carnivores | D101: Coyote | E101: Canis latrans | F101: native | G101: 0 | H101: 0
A102: Tecolote South | B102: MAMMALS | C102: Rodents | D102: Eastern Fox Squirrel | E102: Sciurus niger | F102: non-native | G102: 0 | H102: 0
A103: Tecolote South | B103: MAMMALS | C103: Opossum | D103: Virginia Opossum | E103: Didelphis virginiana | F103: non-native | G103: 0 | H103: 0
A104: Tecolote South | B104: MAMMALS | C104: Carnivores | D104: Grey Fox | E104: Urocyon cinereoargenteus | F104: native | G104: 0 | H104: 0
A105: Tecolote South | B105: MAMMALS | C105: Rabbits & Hares | D105: Desert Cottontail | E105: Sylvilagus audubonii | F105: native | G105: 0 | H105: 0
A106: Tecolote South | B106: MAMMALS | C106: Carnivores | D106: Raccoon | E106: Procyon lotor | F106: native | G106: 0 | H106: 0
... A111: Tecolote South | B111: MAMMALS | C111: Bats | D111: Mexican Free-tailed Bat | E111: Tadarida brasiliensis | F111: native | G111: 0 | H111: 0
A112: Tecolote South | B112: MAMMALS | C112: Bats | D112: Western Red Bat | E112: Lasiurus frantzii | F112: native | G112: 0 | H112: CDFW: Species of Special Concern
A113: Tecolote South | B113: MAMMALS | C113: Bats | D113: Yuma Myotis | E113: Myotis yumanensis | F113: native | G113: 0 | H113: 0
